DATE,Month,Number,TL,FL,SL,WGHT,SEX,Gross Mat,AGE,M_CODE,gonad wt,OFBW,GSI,maturity,source
12/16/2003,12,AP002,431,390,332,1319.2,2,3,4,6,8.6,1310.6,0.656188005,1,gcrl
12/16/2003,12,AP003,458,410,353,1567.5,2,4,4,6,16.5,1551,1.063829787,1,gcrl
12/16/2003,12,AP007,388,350,297,1006.3,2,3,3,5,9,997.3,0.902436579,1,gcrl
12/17/2003,12,AP011,446,406,354,1524.6,2,3,4,6,9.5,1515.1,0.627021319,1,gcrl
12/17/2003,12,AP013,437,395,342,1441.5,2,5,4,6,15.6,1425.9,1.094045866,1,gcrl
1/13/2004,1,AP017,487,441,381,1989.4,2,4,4,6,18.9,1970.5,0.959147425,1,gcrl
1/13/2004,1,AP018,395,355,306,1014.7,2,4,4,6,7.3,1007.4,0.724637681,1,gcrl
1/13/2004,1,AP021,422,380,330,1463.3,2,4,3,6,15.6,1447.7,1.07757132,1,gcrl
1/14/2004,1,AP022,402,364,311,1185,2,4,3,6,12.3,1172.7,1.048861601,1,gcrl
1/16/2004,1,AP025,401,363,315,1261.2,2,4,4,5,11.7,1249.5,0.93637455,1,gcrl
1/26/2004,1,AP027,270,244,210,367.4,2,1,1,6,0.5,366.9,0.136276915,0,gcrl
1/26/2004,1,AP029,278,255,212,432.8,2,2,4,4,2.8,430,0.651162791,0,gcrl
1/29/2004,1,AP033,382,344,303,983.1,2,6,4,5,14,969.1,1.444639356,1,gcrl
1/29/2004,1,AP036,456,410,352,1669.7,2,6,4,6,16.4,1653.3,0.991955483,1,gcrl
2/26/2004,2,AP038,372,339,291,933.1,2,3,3,6,15.3,917.8,1.667029854,1,gcrl
2/27/2004,2,AP039,353,321,280,744.3,2,3,2,6,5.5,738.8,0.74445046,0,gcrl
2/27/2004,2,AP040,489,440,383,2253.5,2,6,3,6,207.8,2045.7,10.15789216,1,gcrl
3/2/2004,3,AP041,491,449,392,1999.2,2,5,3,6,44.3,1954.9,2.266100568,1,gcrl
3/9/2004,3,AP042,384,346,301,937.9,2,3,3,6,13,924.9,1.405557358,1,gcrl
3/11/2004,3,AP043,301,275,240,508.6,2,3,1,5,3,505.6,0.59335443,1,gcrl
3/11/2004,3,AP048,320,292,246,576.5,2,3,1,6,3.4,573.1,0.593264701,0,gcrl
3/11/2004,3,AP050,289,262,216,458.5,2,3,1,5,1.9,456.6,0.416119141,0,gcrl
3/15/2004,3,AP052,476,432,378,2187.7,2,6,4,6,190.1,1997.6,9.516419704,1,gcrl
3/16/2004,3,AP054,375,338,290,907,2,3,3,5,7.2,899.8,0.800177817,1,gcrl
3/16/2004,3,AP055,285,259,223,416.8,2,4,1,6,1.8,415,0.43373494,0,gcrl
3/18/2004,3,AP057,458,415,360,1779.1,2,6,4,5,128.9,1650.2,7.811174403,1,gcrl
3/18/2004,3,AP061,304,275,232,556,2,2,1,6,1.7,554.3,0.306693126,0,gcrl
3/29/2004,3,AP066,420,375,322,1279.3,2,7,4,6,200.4,1078.9,18.574474,1,gcrl
3/29/2004,3,AP067,396,360,307,1159.1,2,7,3,6,157.2,1001.9,15.69018864,1,gcrl
3/29/2004,3,AP068,375,336,291,914.5,2,7,4,5,120,794.5,15.10383889,1,gcrl
3/29/2004,3,AP069,454,416,355,2023.7,2,7,3,5,242,1781.7,13.58253354,1,gcrl
3/29/2004,3,AP070,346,312,268,701.3,2,7,4,6,98.5,602.8,16.34041141,1,gcrl
3/29/2004,3,AP075,401,372,321,1248.1,2,7,4,4,190.1,1058,17.96786389,1,gcrl
3/29/2004,3,AP076,418,375,325,1239.6,2,7,5,6,118.1,1121.5,10.53053946,1,gcrl
4/19/2004,4,AP079,344,312,270,668.4,2,4,3,5,10.3,658.1,1.565111685,1,gcrl
4/19/2004,4,AP082,496,452,390,1833.6,2,7,3,5,91,1742.6,5.222081947,1,gcrl
4/19/2004,4,AP083,403,376,322,1147.4,2,7,3,6,71.8,1075.6,6.675343994,1,gcrl
4/19/2004,4,AP084,349,320,271,675.4,2,9,3,5,2.9,672.5,0.431226766,1,gcrl
5/7/2004,5,AP085,346,316,260,733.9,2,11,5,6,4.8,729.1,0.658345906,1,gcrl
5/7/2004,5,AP088,330,303,261,659.5,2,11,6,6,4.6,654.9,0.702397313,1,gcrl
5/17/2004,5,AP089,294,269,225,405.4,2,11,1,1,1.9,403.5,0.470879802,1,gcrl
6/29/2004,6,AP090,304,275,234,522.4,2,9,2,4,2.3,520.1,0.442222649,1,gcrl
6/29/2004,6,AP091,412,378,325,1130.2,2,10,4,6,3.5,1126.7,0.310641697,1,gcrl
7/14/2004,7,AP092,404,385,314,1220.7,2,11,3,3,4.9,1215.8,0.403026814,1,gcrl
7/15/2004,7,AP093,365,330,281,747.6,2,11,4,6,3,744.6,0.402900886,1,gcrl
7/15/2004,7,AP094,405,365,321,999.9,2,11,3,4,5,994.9,0.502563072,1,gcrl
8/3/2004,8,AP097,462,418,360,1653.3,2,11,4,6,6,1647.3,0.36423238,1,gcrl
8/3/2004,8,AP098,413,376,328,1177.5,2,9,3,6,5.1,1172.4,0.435005118,1,gcrl
8/3/2004,8,AP099,425,385,335,1315.1,2,9,3,5,6.7,1308.4,0.512075818,1,gcrl
8/3/2004,8,AP100,548,500,442,3006.2,2,11,,,5.2,3001,0.173275575,,gcrl
8/3/2004,8,AP101,281,256,218,403,2,9,1,5,0.8,402.2,0.198906017,1,gcrl
9/10/2004,9,AP104,308,279,241,481.9,2,2,3,4,2.1,479.8,0.437682368,1,gcrl
9/10/2004,9,AP105,350,321,275,777.2,2,11,4,3,0.5,776.7,0.06437492,1,gcrl
9/10/2004,9,AP106,388,354,306,1030.8,2,2,4,3,4.1,1026.7,0.399337684,1,gcrl
9/28/2004,9,AP107,234,213,180,230,2,2,1,4,0.4,229.6,0.174216028,0,gcrl
10/20/2004,10,AP109,325,299,255,602.9,2,2,2,4,3.1,599.8,0.516838946,1,gcrl
10/20/2004,10,AP111,329,300,255,665.1,2,2,2,5,2.6,662.5,0.39245283,1,gcrl
10/28/2004,10,AP114,368,328,282,858.1,2,3,5,5,4.5,853.6,0.527179007,1,gcrl
11/29/2004,11,AP120,386,350,302,1008.3,2,2,2,6,6.6,1001.7,0.658879904,1,gcrl
11/29/2004,11,AP121,410,371,325,1203.3,2,2,3,5,9.2,1194.1,0.770454736,1,gcrl
11/29/2004,11,AP122,444,400,351,1336.1,2,3,4,6,11.3,1324.8,0.852958937,1,gcrl
11/29/2004,11,AP127,432,391,340,1453.7,2,3,4,5,15.3,1438.4,1.063681869,1,gcrl
12/3/2004,12,AP129,445,403,351,1336.8,2,2,3,,10.4,1326.4,0.784077201,1,gcrl
12/3/2004,12,AP130,494,440,381,2260.6,2,2,5,,16.2,2244.4,0.721796471,1,gcrl
12/3/2004,12,AP131,389,350,302,1014.5,2,2,3,,8.9,1005.6,0.885043755,1,gcrl
12/6/2004,12,AP139,355,330,285,914.4,2,2,2,,6.2,908.2,0.682669016,1,gcrl
12/15/2004,12,AP142,416,381,330,1213.9,2,3,4,,13.4,1200.5,1.116201583,1,gcrl
12/15/2004,12,AP143,461,410,360,1678.2,2,3,4,,15.5,1662.7,0.93221868,1,gcrl
2/16/2005,2,AP146,374,332,295,873.9,2,3,4,,8.3,865.6,0.958872458,1,gcrl
2/16/2005,2,AP147,275,246,212,376,2,3,2,,2.7,373.3,0.723278864,1,gcrl
3/18/2005,3,AP153,367,334,286,902.6,2,3,2,,3.3,899.3,0.366952074,1,gcrl
4/16/2005,4,AP155,558,518,450,,2,6,5,,,,,1,gcrl
4/16/2005,4,AP156,555,515,453,,2,7,5,,, ,,1,gcrl
4/16/2005,4,AP157,522,478,416,,2,6,4,,, ,,1,gcrl
4/16/2005,4,AP158,549,501,443,,2,7,5,,, ,,1,gcrl
4/16/2005,4,AP159,515,473,418,,2,7,4,,, ,,1,gcrl
4/20/2005,4,AP160,501,455,394,1860.4,2,9,4,,15.5,1844.9,0.840153938,1,gcrl
4/22/2005,4,AP164,529,485,420,2342.4,2,6,5,,90.8,2251.6,4.032687866,1,gcrl
6/23/2005,6,AP168,376,340,292,931.6,2,9,3,,3.3,928.3,0.355488527,1,gcrl
6/30/2005,6,AP171,391,353,303,1074.3,2,9,6,,5.4,1068.9,0.505192254,1,gcrl
6/30/2005,6,AP173,439,396,345,1651.8,2,9,4,,6.5,1645.3,0.39506473,1,gcrl
6/30/2005,6,AP174,388,349,307,1046.3,2,9,4,,5,1041.3,0.480169019,1,gcrl
6/30/2005,6,AP175,421,377,329,1315.3,2,9,2,,4.6,1310.7,0.350957504,1,gcrl
7/3/2005,7,AP176,522,475,417,2416.3,2,9,10,,17.4,2398.9,0.725332444,1,gcrl
7/27/2005,7,AP180,86,71,46,120.4,2,1,1,,0,120.4,,0,gcrl
7/29/2005,7,AP181,354,319,274,794.1,2,1,4,,1.2,792.9,0.151343171,,gcrl
8/12/2005,8,AP182,310,280,240,481.3,2,9,3,,1.3,480,0.270833333,1,gcrl
8/12/2005,8,AP183,278,250,216,337.7,2,9,2,,0.7,337,0.207715134,1,gcrl
8/19/2005,8,AP184,352,315,272,694.3,2,2,5,,3.5,690.8,0.506658946,1,gcrl
8/19/2005,8,AP185,456,402,349,1362.8,2,2,12,,7.2,1355.6,0.531130127,1,gcrl
10/14/2005,10,AP186,444,398,344,1481,2,3,5,,8.8,1472.2,0.597744872,1,gcrl
10/27/2005,10,AP188,388,352,302,1037.3,2,4,2,,7.4,1029.9,0.718516361,1,gcrl
10/27/2005,10,AP189,398,362,313,1140.5,2,3,2,,5.3,1135.2,0.466878083,1,gcrl
10/27/2005,10,AP190,448,410,354,1728,2,4,6,,20.5,1707.5,1.200585652,1,gcrl
10/31/2005,10,AP194,434,400,341,1617.8,2,5,4,,14.4,1603.4,0.898091555,1,gcrl
10/31/2005,10,AP196,550,500,434,2510.8,2,2,6,,0.4,2510.4,0.015933716,1,gcrl
11/29/2005,11,AP197,470,420,365,1573.8,2,2,5,,15.8,1558,1.014120668,1,gcrl
11/30/2005,11,AP198,365,332,284,1024.5,2,2,2,,6.4,1018.1,0.628621943,1,gcrl
11/30/2005,11,AP199,404,362,313,1261.2,2,2,3,,10.8,1250.4,0.863723608,1,gcrl
11/30/2005,11,AP200,480,446,375,2289.4,2,2,9,,22.9,2266.5,1.010368409,1,gcrl
11/30/2005,11,AP202,374,340,292,892.3,2,2,2,,6.5,885.8,0.733799955,1,gcrl
11/30/2005,11,AP204,361,329,288,849,2,2,2,,5.1,843.9,0.604337007,1,gcrl
11/30/2005,11,AP205,385,352,310,1131.8,2,2,2,,7.4,1124.4,0.65812878,1,gcrl
12/6/2005,12,AP206,446,401,349,1329.1,2,2,3,,11.3,1317.8,0.857489756,1,gcrl
12/7/2005,12,AP207,458,414,360,1825.1,2,2,4,,15.3,1809.8,0.845397281,1,gcrl
12/20/2005,12,AP213,461,416,376,1678,2,4,6,,15.1,1662.9,0.908052198,1,gcrl
1/9/2006,1,AP216,436,395,344,1321.9,2,3,4,6,10.4,1311.5,0.792985132,1,gcrl
1/25/2006,1,AP218,301,279,238,528.3,2,3,1,6,2.7,525.6,0.51369863,1,gcrl
1/25/2006,1,AP220,431,382,333,1525.2,2,2,3,5,13.7,1511.5,0.906384386,1,gcrl
3/27/2006,3,AP223,395,358,320,1078.3,2,7,5,6,116.9,961.4,12.15935095,1,gcrl
3/27/2006,3,AP225,348,311,281,774.1,2,6,3,6,63.4,710.7,8.920782327,1,gcrl
3/27/2006,3,AP230,391,351,313,1087.2,2,6,3,3,75.1,1012.1,7.420215394,1,gcrl
3/27/2006,3,AP231,414,384,340,1310.9,2,7,3,5,123.5,1187.4,10.40087586,1,gcrl
3/27/2006,3,AP232,471,436,389,1907.9,2,8,6,6,284.6,1623.3,17.53218752,1,gcrl
3/29/2006,3,AP234,445,410,363,1718.2,2,7,6,6,181.2,1537,11.78919974,1,gcrl
3/29/2006,3,AP236,472,430,381,1998.7,2,7,6,6,166.6,1832.1,9.093390099,1,gcrl
3/29/2006,3,AP237,402,366,315,1173.1,2,7,5,6,119.6,1053.5,11.35263408,1,gcrl
3/29/2006,3,AP238,395,356,310,1236.4,2,7,4,6,188.7,1047.7,18.01088098,1,gcrl
3/29/2006,3,AP241,590,530,471,3960,2,7,9,6,405.3,3554.7,11.40180606,1,gcrl
3/29/2006,3,AP242,600,567,504,4600,2,7,7,6,600.6,3999.4,15.01725259,1,gcrl
4/3/2006,4,AP246,441,402,351,1665.8,2,6,6,6,147.3,1518.5,9.7003622,1,gcrl
4/3/2006,4,AP248,424,384,337,1539.7,2,4,3,5,22.8,1516.9,1.503065462,1,gcrl
4/5/2006,4,AP249,518,473,416,2490.1,2,7,5,5,237.3,2252.8,10.53355824,1,gcrl
4/13/2006,4,AP252,415,373,326,1291.5,2,3,2,6,8.4,1283.1,0.654664484,1,gcrl
4/13/2006,4,AP253,414,373,323,1251.7,2,6,3,4,13.1,1238.6,1.057645729,1,gcrl
4/27/2006,4,AP254,421,380,332,1277.7,2,11,5,6,8.2,1269.5,0.645923592,1,gcrl
4/27/2006,4,AP255,454,407,350,1602.3,2,9,3,5,5.8,1596.5,0.363294707,1,gcrl
4/27/2006,4,AP256,411,368,322,1341.9,2,10,2,5,6.5,1335.4,0.486745544,1,gcrl
5/12/2006,5,AP257,404,362,313,1134.2,2,9,2,6,4.4,1129.8,0.38944946,1,gcrl
5/12/2006,5,AP258,383,345,299,1025.2,2,9,3,6,3.1,1022.1,0.303297133,1,gcrl
5/30/2006,5,AP259,430,388,337,1610.8,2,11,3,5,1.8,1609,0.111870727,1,gcrl
5/30/2006,5,AP262,367,333,283,996.9,2,9,3,4,4.7,992.2,0.47369482,1,gcrl
5/30/2006,5,AP263,412,371,319,1355.5,2,9,3,1,4.3,1351.2,0.318235642,1,gcrl
8/17/2006,8,AP264,440,410,354,1549.9,2,11,3,5,1,1548.9,0.064561947,1,gcrl
10/2/2006,10,AP267,356,322,278,810.5,2,2,3,4,5.5,805,0.683229814,1,gcrl
10/2/2006,10,AP268,380,344,299,950.5,2,2,5,4,6.2,944.3,0.656571005,1,gcrl
11/28/2006,11,AP269,323,288,254,608.9,2,3,1,6,2.9,606,0.478547855,1,gcrl
12/15/2006,12,AP271,433,390,341,1500,2,5,3,4,19.9,1480.1,1.34450375,1,gcrl
12/15/2006,12,AP273,452,412,358,1680,2,4,3,5,14.5,1665.5,0.870609427,1,gcrl
2/8/2007,2,AP275,472,424,372,1960,2,3,,,19.6,1940.4,1.01010101,1,gcrl
2/22/2007,2,AP276,532,489,423,2575.7,2,3,,,33.3,2542.4,1.309786029,1,gcrl
2/22/2007,2,AP279,355,318,270,735.3,2,3,,,6.5,728.8,0.891877058,1,gcrl
2/28/2007,2,AP280,379,342,296,1018.8,1,2,,,0.8,1018,0.078585462,,gcrl
2/28/2007,2,AP283,404,374,317,1382.1,2,3,,,33.1,1349,2.453669385,1,gcrl
2/28/2007,2,AP284,404,368,315,1186.4,2,2,,,14.8,1171.6,1.263229771,1,gcrl
3/7/2007,3,AP286,437,395,343,1595.2,2,3,,,36.3,1558.9,2.328565014,1,gcrl
3/7/2007,3,AP287,394,358,313,1203.9,2,4,,,49.9,1154,4.324090121,1,gcrl
3/7/2007,3,AP288,437,394,345,1628.3,2,4,,,53.9,1574.4,3.423526423,1,gcrl
3/7/2007,3,AP292,537,491,432,3080,2,5,,,143.6,2936.4,4.890341915,1,gcrl
3/7/2007,3,AP293,455,409,357,1732.6,2,3,,,18.1,1714.5,1.055701371,1,gcrl
3/7/2007,3,AP294,332,306,259,782.5,2,2,,,4.6,777.9,0.591335647,1,gcrl
3/22/2007,3,AP295,401,361,312,1148.1,2,2,,,8.9,1139.2,0.78125,1,gcrl
3/26/2007,3,AP297,397,360,310,1099.3,2,7,,,94.8,1004.5,9.43753111,1,gcrl
3/26/2007,3,AP298,440,399,347,1701.6,2,7,,,223.8,1477.8,15.14413317,1,gcrl
3/26/2007,3,AP299,510,465,410,2708.2,2,7,,,423.3,2284.9,18.52597488,1,gcrl
3/26/2007,3,AP300,482,439,385,2098.9,2,7,,,232.9,1866,12.4812433,1,gcrl
3/26/2007,3,AP301,401,369,321,1281.1,2,7,,,180.3,1100.8,16.37899709,1,gcrl
3/26/2007,3,AP302,476,435,374,1910.3,2,8,,,301.7,1608.6,18.75543951,1,gcrl
3/26/2007,3,AP303,422,389,340,1407.1,2,7,,,199.2,1207.9,16.49143141,1,gcrl
3/26/2007,3,AP304,425,388,334,1369.7,2,8,,,143.4,1226.3,11.69371279,1,gcrl
3/29/2007,3,AP308,285,260,225,460.9,2,2,,,1.9,459,0.413943355,1,gcrl
3/29/2007,3,AP310,320,290,254,666.4,2,2,,,3.4,663,0.512820513,1,gcrl
3/29/2007,3,AP311,408,370,327,1332.3,2,3,,,14.9,1317.4,1.131015637,1,gcrl
3/29/2007,3,AP312,388,350,309,1163.5,2,2,,,6.6,1156.9,0.570490103,1,gcrl
3/29/2007,3,AP314,441,399,347,1602.4,2,4,,,71.6,1530.8,4.677292919,1,gcrl
3/29/2007,3,AP315,206,190,161,174.8,2,1,,,0.2,174.6,0.114547537,,gcrl
4/2/2007,4,AP316,445,401,350,1732.1,2,7,,,119.7,1612.4,7.423716199,1,gcrl
4/2/2007,4,AP317,445,405,353,1455.7,2,6,,,49.3,1406.4,3.505403868,1,gcrl
4/2/2007,4,AP318,464,416,360,1549.3,2,7,,,39.1,1510.2,2.589061052,1,gcrl
4/2/2007,4,AP319,446,410,360,1554.1,2,7,,,120.9,1433.2,8.435668434,1,gcrl
4/2/2007,4,AP321,485,450,391,2315.7,2,7,,,152.1,2163.6,7.029950083,1,gcrl
4/2/2007,4,AP322,398,360,308,1164.4,2,6,,,91.2,1073.2,8.497950056,1,gcrl
4/3/2007,4,AP323,455,415,360,1484.1,2,7,,,70.1,1414,4.957567185,1,gcrl
4/3/2007,4,AP324,410,375,325,1047.4,2,7,,,77,970.4,7.934872218,1,gcrl
4/3/2007,4,AP325,421,379,330,1277.2,2,7,,,111.6,1165.6,9.574468085,1,gcrl
4/3/2007,4,AP326,406,367,315,1151.7,2,7,,,106.4,1045.3,10.17889601,1,gcrl
4/3/2007,4,AP327,374,339,295,878.9,2,7,,,65.7,813.2,8.07919331,1,gcrl
4/3/2007,4,AP328,366,328,281,813.8,2,7,,,70.4,743.4,9.47000269,1,gcrl
4/3/2007,4,AP329,390,351,305,1082.5,2,7,,,122.6,959.9,12.77216377,1,gcrl
4/3/2007,4,AP330,430,386,340,1265.2,2,8,,,94.5,1170.7,8.072093619,1,gcrl
4/16/2007,4,AP332,501,453,395,2078.1,2,9,,,20,2058.1,0.971770079,1,gcrl
4/16/2007,4,AP336,480,440,379,2029,2,9,,,28.3,2000.7,1.414504923,1,gcrl
4/17/2007,4,AP339,448,409,351,1639.9,2,7,,,94.1,1545.8,6.087462802,,gcrl
4/17/2007,4,AP340,543,499,438,2888.3,2,8,,,202.9,2685.4,7.555671408,,gcrl
4/17/2007,4,AP341,464,424,378,1671.2,2,8,,,39.2,1632,2.401960784,,gcrl
4/17/2007,4,AP343,499,452,406,2108.2,2,9,,,12.1,2096.1,0.577262535,,gcrl
4/17/2007,4,AP344,512,473,412,2613.7,2,8,,,202,2411.7,8.375834474,,gcrl
4/20/2007,4,AP345,561,508,448,2591.1,2,10,,,38,2553.1,1.488386667,,gcrl
4/20/2007,4,AP346,422,382,333,1253.3,2,9,,,90.9,1162.4,7.820027529,,gcrl
4/20/2007,4,AP348,467,428,379,1700.4,2,10,,,6.8,1693.6,0.401511573,,gcrl
4/20/2007,4,AP349,462,415,370,1563.8,2,9,,,81,1482.8,5.462638252,,gcrl
1/14/2004,1,AP023,391,354,300,1043.5,1,4,3,5,1.9,1041.6,0.182411674,1,gcrl
1/12/2004,1,AP015,310,283,242,554.4,1,11,1,6,0.7,553.7,0.12642225,1,gcrl
1/12/2004,1,AP016,435,395,335,1325.8,1,4,4,6,1.8,1324,0.135951662,1,gcrl
1/13/2004,1,AP019,399,360,307,1084.4,1,2,4,5,0.8,1083.6,0.073827981,1,gcrl
1/13/2004,1,AP020,469,423,367,1614.9,1,4,5,4,2.1,1612.8,0.130208333,1,gcrl
1/16/2004,1,AP024,372,339,292,942.2,1,4,4,4,2.4,939.8,0.255373484,1,gcrl
1/16/2004,1,AP026,342,326,269,730.9,1,3,4,5,1.7,729.2,0.2331322,1,gcrl
1/26/2004,1,AP028,334,304,259,674.8,1,3,1,6,0.6,674.2,0.088994364,1,gcrl
1/26/2004,1,AP030,395,355,303,1020.5,1,4,3,5,3.8,1016.7,0.373758237,1,gcrl
1/26/2004,1,AP031,372,343,290,908.4,1,4,3,5,2.3,906.1,0.253835118,1,gcrl
1/26/2004,1,AP032,451,412,355,1543.4,1,4,6,5,3,1540.4,0.194754609,1,gcrl
1/29/2004,1,AP034,415,379,326,1331.6,1,4,5,6,2.7,1328.9,0.203175559,1,gcrl
1/29/2004,1,AP035,441,400,351,1429.7,1,4,4,6,3,1426.7,0.210275461,1,gcrl
1/25/2006,1,AP217,510,455,407,2259.9,1,2,6,6,1.6,2258.3,0.070849754,1,gcrl
1/25/2006,1,AP219,452,407,355,1583.3,1,2,5,6,0.8,1582.5,0.050552923,1,gcrl
2/16/2005,2,AP148,232,211,180,215.3,1,,1,,0,215.3,,1,gcrl
2/16/2005,2,AP150,221,200,171,183.3,1,,1,,0,183.3,,1,gcrl
2/22/2005,2,AP151,284,259,220,372.4,1,3,2,,0,372.4,,1,gcrl
2/22/2005,2,AP152,385,350,303,924.2,1,2,4,,0.3,923.9,0.032471047,1,gcrl
2/28/2007,2,AP280,379,342,296,1018.8,1,2,,,0.8,1018,0.078585462,1,gcrl
2/20/2004,2,AP037,421,380,331,1231.2,1,4,3,5,5.3,1225.9,0.432335427,1,gcrl
2/14/2005,2,AP144,525,468,412,2613.4,1,9,6,,0.4,2613,0.015308075,1,gcrl
2/16/2005,2,AP149,414,375,324,1193.1,1,3,6,,0.5,1192.6,0.041925205,1,gcrl
2/14/2006,2,AP221,350,319,275,818,1,3,,,1,817,0.122399021,1,gcrl
2/8/2007,2,AP274,454,403,357,1660,1,2,,,0.9,1659.1,0.054246278,1,gcrl
2/28/2007,2,AP281,443,409,355,1582.5,1,2,,,1.3,1581.2,0.082216038,1,gcrl
2/28/2007,2,AP282,495,450,385,2236.4,1,8,,,1.5,2234.9,0.067117097,1,gcrl
2/22/2007,2,AP278,391,347,300,1010.7,1,4,,,0.5,1010.2,0.049495149,1,gcrl
2/14/2005,2,AP145,555,509,446,2983.8,1,9,11,,1.3,2982.5,0.043587594,,gcrl
2/22/2007,2,AP277,482,439,375,1847.6,1,3,,,0.5,1847.1,0.02706946,,gcrl
3/11/2004,3,AP049,340,307,261,723.4,1,4,3,5,0.3,723.1,0.041488038,1,gcrl
3/29/2004,3,AP062,239,218,182,235.3,1,1,2,6,0,235.3,,1,gcrl
3/7/2007,3,AP289,411,371,324,1251.4,1,4,,,4.1,1247.3,0.328710014,1,gcrl
3/11/2004,3,AP044,446,407,351,1736,1,4,4,6,43.7,1692.3,2.582284465,1,gcrl
3/11/2004,3,AP045,293,265,222,479,1,3,1,6,0.8,478.2,0.167294019,1,gcrl
3/11/2004,3,AP047,420,381,324,1397.1,1,7,4,6,35.6,1361.5,2.614763129,1,gcrl
3/16/2004,3,AP053,430,388,335,1383.8,1,6,4,6,25,1358.8,1.839858699,1,gcrl
3/16/2004,3,AP056,382,344,299,981.2,1,6,3,5,15,966.2,1.552473608,1,gcrl
3/18/2004,3,AP060,294,268,222,471.9,1,5,1,6,0.5,471.4,0.106067034,1,gcrl
3/29/2004,3,AP064,425,386,338,1101.1,1,5,4,6,4.2,1096.9,0.382897256,1,gcrl
3/29/2004,3,AP073,345,308,265,656.7,1,6,2,6,2.5,654.2,0.382146133,1,gcrl
3/29/2004,3,AP074,478,432,376,1903.1,1,7,3,5,12.4,1890.7,0.655841752,1,gcrl
3/29/2004,3,AP077,402,361,308,973.1,1,7,4,5,3.6,969.5,0.371325425,1,gcrl
3/27/2006,3,AP224,433,387,347,1557.6,1,6,5,6,176.7,1380.9,12.79600261,1,gcrl
3/27/2006,3,AP227,342,305,277,668.5,1,7,3,6,1.5,667,0.224887556,1,gcrl
3/29/2006,3,AP233,365,327,284,884.1,1,6,4,6,1.2,882.9,0.135915732,1,gcrl
3/29/2006,3,AP244,522,475,414,2538.1,1,7,6,6,1.9,2536.2,0.074915228,1,gcrl
3/7/2007,3,AP290,495,451,393,2423,1,4,,,7.2,2415.8,0.298037917,1,gcrl
3/26/2007,3,AP296,325,294,254,603.5,1,3,,,0.9,602.6,0.149352805,1,gcrl
3/26/2007,3,AP305,446,406,353,1818.7,1,7,,,3.9,1814.8,0.214899713,1,gcrl
3/29/2007,3,AP309,286,258,224,460.2,1,2,,,0.8,459.4,0.174140183,1,gcrl
3/29/2007,3,AP313,448,411,355,1851,1,6,,,5.2,1845.8,0.281720663,1,gcrl
3/11/2004,3,AP046,370,331,288,1031.1,1,8,2,6,20.3,1010.8,2.008310249,1,gcrl
3/15/2004,3,AP051,405,366,318,1044.8,1,8,4,6,17,1027.8,1.654018291,1,gcrl
3/18/2004,3,AP058,351,319,270,772.5,1,8,2,6,4.2,768.3,0.54666146,1,gcrl
3/18/2004,3,AP059,318,289,246,623.2,1,8,1,6,0.6,622.6,0.096370061,1,gcrl
3/29/2004,3,AP063,449,408,349,1630.7,1,8,3,5,2.9,1627.8,0.178154564,1,gcrl
3/29/2004,3,AP065,360,321,278,762.1,1,8,4,6,1.5,760.6,0.197212727,1,gcrl
3/29/2004,3,AP071,356,321,281,758.4,1,8,4,6,3.6,754.8,0.476947536,1,gcrl
3/29/2004,3,AP072,375,337,288,874.3,1,8,5,6,7.3,867,0.841983852,1,gcrl
3/23/2006,3,AP222,380,347,301,1064.2,1,8,2,6,0.5,1063.7,0.047005735,1,gcrl
3/27/2006,3,AP226,371,334,302,903.6,1,8,5,6,3.6,900,0.4,1,gcrl
3/27/2006,3,AP228,325,295,261,600.5,1,8,3,6,3.4,597.1,0.569418858,1,gcrl
3/27/2006,3,AP229,445,396,360,1450.9,1,8,6,6,8.3,1442.6,0.575350062,1,gcrl
3/29/2006,3,AP235,480,438,390,1938.9,1,8,6,6,2.3,1936.6,0.118764846,1,gcrl
3/29/2006,3,AP239,495,442,381,2087.3,1,8,8,6,1.1,2086.2,0.052727447,1,gcrl
3/29/2006,3,AP240,487,440,387,1750,1,8,9,6,2.1,1747.9,0.120144173,1,gcrl
3/29/2006,3,AP243,485,456,381,1814.3,1,8,6,6,0.5,1813.8,0.027566435,1,gcrl
3/7/2007,3,AP285,552,496,435,3422.8,1,8,,,12.6,3410.2,0.369479796,1,gcrl
3/7/2007,3,AP291,563,506,448,3680,1,8,,,5.1,3674.9,0.138779287,1,gcrl
3/26/2007,3,AP306,469,428,375,1694.1,1,8,,,1.5,1692.6,0.088621056,1,gcrl
3/26/2007,3,AP307,404,364,313,1235.3,1,8,,,1.1,1234.2,0.08912656,1,gcrl
3/29/2007,3,AP315,206,190,161,174.8,2,1,,,0.2,174.6,0.114547537,,gcrl
3/24/2005,3,AP154,355,320,274,705.1,1,3,2,,0.1,705,0.014184397,,gcrl
4/19/2004,4,AP080,409,371,315,1305.1,1,4,3,5,2.1,1303,0.161166539,1,gcrl
4/19/2004,4,AP081,334,300,252,639.9,1,4,1,5,0.5,639.4,0.078198311,1,gcrl
4/21/2005,4,AP162,560,509,455,2746.4,1,7,5,,0.9,2745.5,0.032780914,1,gcrl
4/21/2005,4,AP163,514,458,396,2066.1,1,9,5,,0.7,2065.4,0.03389174,1,gcrl
4/13/2006,4,AP251,443,403,347,1526,1,11,4,6,1.2,1524.8,0.078698846,1,gcrl
4/2/2007,4,AP320,407,370,326,1140.6,1,5,,,1.6,1139,0.1404741,1,gcrl
4/16/2007,4,AP333,479,435,387,1810.6,1,6,,,5.3,1805.3,0.293580014,1,gcrl
4/16/2007,4,AP334,442,399,345,1436.1,1,6,,,5.3,1430.8,0.370422141,1,gcrl
4/16/2007,4,AP335,454,402,370,1621.2,1,9,,,4.8,1616.4,0.296956199,1,gcrl
4/16/2007,4,AP337,450,399,358,1847.2,1,6,,,4,1843.2,0.217013889,1,gcrl
4/16/2007,4,AP338,484,435,376,2024.4,1,6,,,4.2,2020.2,0.207900208,1,gcrl
4/8/2004,4,AP078,445,403,349,1492.4,1,8,5,5,1.4,1491,0.093896714,1,gcrl
4/20/2005,4,AP161,373,340,294,875.7,1,8,4,,2.2,873.5,0.251860332,1,gcrl
4/28/2005,4,AP165,425,391,330,1195.1,1,8,4,,1.2,1193.9,0.100510931,1,gcrl
4/3/2006,4,AP245,446,401,350,1514.1,1,8,4,5,1.4,1512.7,0.092549745,1,gcrl
4/3/2006,4,AP247,440,395,345,1578.3,1,8,3,5,2.3,1576,0.145939086,1,gcrl
4/13/2006,4,AP250,427,384,327,1255.5,1,8,5,5,1,1254.5,0.079713033,1,gcrl
4/16/2007,4,AP331,503,455,394,2321.2,1,6,,,5.6,2315.6,0.241837969,,gcrl
4/17/2007,4,AP342,496,453,397,2157.2,1,8,,,7.6,2149.6,0.35355415,,gcrl
4/20/2007,4,AP347,468,425,375,1726.9,1,9,,,2.6,1724.3,0.150785826,,gcrl
4/20/2007,4,AP350,472,432,380,1818.7,1,8,,,2.2,1816.5,0.121112029,,gcrl
4/20/2007,4,AP351,490,439,385,2001.3,1,9,,,3.8,1997.5,0.190237797,,gcrl
5/7/2004,5,AP086,397,360,304,1017.9,1,4,5,5,2.6,1015.3,0.256081946,1,gcrl
5/7/2004,5,AP087,411,373,317,1197.1,1,8,4,3,0.3,1196.8,0.025066845,1,gcrl
5/16/2005,5,AP166,405,370,318,1086.1,1,11,4,,1,1085.1,0.092157405,1,gcrl
5/30/2006,5,AP260,371,333,283,918.6,1,11,3,4,0.3,918.3,0.032669062,1,gcrl
5/30/2006,5,AP261,415,374,319,1265,1,11,3,4,0.5,1264.5,0.039541321,1,gcrl
6/23/2005,6,AP167,295,274,236,447.4,1,11,2,,0.1,447.3,0.02235636,1,gcrl
6/23/2005,6,AP169,434,390,342,1289.1,1,10,8,,0.8,1288.3,0.062097338,1,gcrl
6/28/2005,6,AP170,276,255,214,381.2,1,,2,,0.1,381.1,0.026239832,1,gcrl
6/30/2005,6,AP172,427,388,338,1317.4,1,9,2,,1.1,1316.3,0.083567576,1,gcrl
7/30/2004,7,AP095,360,330,284,855.7,1,11,2,5,0.5,855.2,0.058465856,1,gcrl
7/3/2005,7,AP177,503,457,396,2167.3,1,9,5,,3.5,2163.8,0.161752473,1,gcrl
7/22/2005,7,AP178,416,378,325,1217.7,1,11,8,,0.7,1217,0.057518488,1,gcrl
7/27/2005,7,AP179,94,81,54,131.3,1,1,1,,0,131.3,,,gcrl
8/3/2004,8,AP096,392,353,304,959.1,1,11,2,6,1,958.1,0.104373239,1,gcrl
8/9/2004,8,AP102,294,265,227,390.4,1,1,2,4,0.4,390,0.102564103,1,gcrl
9/1/2004,9,AP103,340,308,261,696,1,11,5,3,0.4,695.6,0.057504313,1,gcrl
9/6/2006,9,AP265,401,358,306,1063.9,1,11,4,4,0.1,1063.8,0.009400263,1,gcrl
9/21/2006,9,AP266,423,383,332,1300,1,11,3,4,1,1299,0.076982294,1,gcrl
9/30/2004,9,AP108,420,380,334,1243.7,1,2,4,5,7.4,1236.3,0.59856022,1,gcrl
10/20/2004,10,AP110,385,349,300,982.7,1,2,4,4,0.8,981.9,0.081474692,1,gcrl
10/27/2005,10,AP191,417,373,320,1423.8,1,6,2,,1.2,1422.6,0.084352594,1,gcrl
10/21/2004,10,AP112,359,325,274,689.8,1,2,4,5,0.8,689,0.116110305,1,gcrl
10/21/2004,10,AP113,400,374,321,1011.8,1,3,5,4,0.05,1011.75,0.004941932,1,gcrl
10/29/2004,10,AP115,360,329,280,903.6,1,2,2,5,2.5,901.1,0.277438686,1,gcrl
10/29/2004,10,AP116,272,247,212,367.1,1,1,1,6,0.4,366.7,0.109080993,1,gcrl
10/27/2005,10,AP187,382,348,304,864.8,1,6,3,,1,863.8,0.115767539,1,gcrl
10/27/2005,10,AP192,345,312,269,742.5,1,4,2,,0.8,741.7,0.107860321,1,gcrl
10/31/2005,10,AP193,451,410,354,1533.4,1,2,6,,0.4,1533,0.026092629,1,gcrl
10/31/2005,10,AP195,357,321,275,910.9,1,2,2,,0.1,910.8,0.010979359,1,gcrl
11/29/2004,11,AP128,425,389,336,1348.6,1,2,5,4,0.6,1348,0.044510386,1,gcrl
11/4/2004,11,AP117,263,238,201,300.4,1,1,2,5,0.05,300.35,0.016647245,1,gcrl
11/29/2004,11,AP119,415,378,331,1273.5,1,3,3,6,0.3,1273.2,0.023562677,1,gcrl
11/29/2004,11,AP123,375,336,291,948.2,1,2,5,5,0.6,947.6,0.063317856,1,gcrl
11/29/2004,11,AP124,405,368,312,1210,1,2,2,5,0.5,1209.5,0.041339396,1,gcrl
11/29/2004,11,AP125,416,375,324,1235.7,1,2,2,6,0.5,1235.2,0.040479275,1,gcrl
11/29/2004,11,AP126,411,370,323,1072.5,1,2,4,6,0.4,1072.1,0.037309952,1,gcrl
11/30/2005,11,AP201,465,421,362,1709.4,1,2,6,,0.4,1709,0.0234055,1,gcrl
11/30/2005,11,AP203,528,480,422,2598.4,1,2,6,,0.6,2597.8,0.023096466,1,gcrl
11/29/2004,11,AP118,395,357,310,1026.6,1,3,3,6,0.7,1025.9,0.068232771,,gcrl
12/6/2004,12,AP141,295,270,231,404.7,1,2,3,,0.2,404.5,0.049443758,1,gcrl
12/15/2003,12,AP001,375,340,287,987.1,1,4,3,4,2.3,984.8,0.233549959,1,gcrl
12/16/2003,12,AP004,384,348,296,1020.2,1,4,3,5,3,1017.2,0.294927251,1,gcrl
12/16/2003,12,AP005,405,365,312,1059.6,1,4,4,6,3.2,1056.4,0.302915562,1,gcrl
12/16/2003,12,AP006,448,408,350,1477.7,1,3,3,4,1.8,1475.9,0.121959482,1,gcrl
12/17/2003,12,AP008,454,406,352,1772.7,1,6,4,6,8,1764.7,0.453334844,1,gcrl
12/17/2003,12,AP010,461,413,361,1676.5,1,4,4,6,6,1670.5,0.3591739,1,gcrl
12/17/2003,12,AP012,416,375,323,1211.2,1,2,3,5,1.4,1209.8,0.115721607,1,gcrl
12/17/2003,12,AP014,484,437,380,1692.3,1,2,4,6,1.2,1691.1,0.07095973,1,gcrl
12/3/2004,12,AP132,445,406,354,1523.6,1,2,4,,1.7,1521.9,0.111702477,1,gcrl
12/3/2004,12,AP133,416,372,330,1259.2,1,2,4,,1.6,1257.6,0.127226463,1,gcrl
12/6/2004,12,AP136,395,360,311,1006.7,1,2,4,,0.1,1006.6,0.009934433,1,gcrl
12/6/2004,12,AP137,472,415,364,1774.7,1,2,3,,0.5,1774.2,0.028181716,1,gcrl
12/6/2004,12,AP138,424,385,330,1244.4,1,2,4,,0.1,1244.3,0.008036647,1,gcrl
12/12/2005,12,AP208,335,301,262,625.4,1,2,2,,0.2,625.2,0.031989763,1,gcrl
12/13/2005,12,AP209,477,439,378,1894.9,1,2,5,,0.5,1894.4,0.026393581,1,gcrl
12/20/2005,12,AP211,483,446,405,2361.8,1,3,5,,8.2,2353.6,0.348402447,1,gcrl
12/20/2005,12,AP212,441,404,356,1413.3,1,2,6,,1.6,1411.7,0.113338528,1,gcrl
12/20/2005,12,AP214,542,491,448,2650.7,1,2,3,,,2650.7,,1,gcrl
12/20/2005,12,AP215,446,406,360,1334.8,1,2,6,,0.8,1334,0.059970015,1,gcrl
12/15/2006,12,AP270,498,448,392,2340,1,3,3,4,1.3,2338.7,0.055586437,1,gcrl
12/15/2006,12,AP272,474,425,372,1760,1,3,3,5,0.5,1759.5,0.028417164,1,gcrl
12/17/2003,12,AP009,482,441,386,2027,1,8,4,6,4.5,2022.5,0.22249691,1,gcrl
12/3/2004,12,AP134,524,475,415,2205.6,1,2,5,,1.1,2204.5,0.049897936,1,gcrl
12/6/2004,12,AP135,325,294,245,580.2,1,2,2,,0.1,580.1,0.017238407,1,gcrl
12/6/2004,12,AP140,260,235,200,316.4,1,1,1,,0.1,316.3,0.031615555,1,gcrl
12/13/2005,12,AP210,430,385,334,1342.8,1,2,5,,0.2,1342.6,0.01489647,,gcrl
1/15/2006,,DSH00001,340,300,266,653,1,,2,4,1,,,,dmr_ij
2/22/2006,,,284,255,225,412,3,,,,,,,,dmr_ij
2/22/2006,,,420,375,334,1330,2,,,,15,,,,dmr_ij
5/3/2006,,,543,492,434,2630,1,,,,5,,,,dmr_ij
5/23/2006,,DSH00002,235,218,180,232,3,,2,3,,,,,dmr_ij
7/27/2006,,,200,181,161,166,3,,,,,,,,dmr_ij
11/16/2006,,DSH00003,325,302,254,607,2,,1,4,,,,,dmr_ij
1/9/2007,,,320,295,254,621,3,,,,,,,,dmr_ij
3/19/2007,,,535,495,425,3407,2,,,,338,,,,dmr_ij
4/25/2007,,,288,262,222,440,2,,,,,,,,dmr_ij
4/26/2007,,,231,212,184,220,3,,,,,,,,dmr_ij
4/26/2007,,,311,284,258,569,3,,,,,,,,dmr_ij
7/26/2007,,DSH7022,235,210,190,235,2,,2,2,,,,,dmr_ij
9/27/2007,,,408,381,337,1554,1,,,,,,,,dmr_ij
11/26/2007,,,466,417,356,1849,2,,,,4,,,,dmr_ij
12/12/2007,,,372,340,291,918,2,,,,,,,,dmr_ij
12/12/2007,,,400,363,308,1103,2,,,,,,,,dmr_ij
12/21/2007,,,334,334,289,427,2,,,,,,,,dmr_ij
1/17/2008,,,409,371,324,1175,2,,,,,,,,dmr_ij
3/13/2008,,,349,315,281,729,3,,,,,,,,dmr_ij
4/9/2008,,,360,334,279,740,2,,,,,,,,dmr_ij
4/15/2008,,,478,448,401,2178,2,,,,39,,,,dmr_ij
4/16/2008,,,260,235,209,284,3,,,,,,,,dmr_ij
4/16/2008,,,274,250,220,341,3,,,,,,,,dmr_ij
6/23/2008,,,177,165,137,118,2,,,,,,,,dmr_ij
7/17/2008,,,427,390,340,1363,2,11,,,,,,,dmr_ij
8/21/2008,,,198,178,162,160,3,1,,,,,,,dmr_ij
8/21/2008,,,235,217,195,267,3,,,,,,,,dmr_ij
9/17/2008,,,307,281,245,539,3,,,,,,,,dmr_ij
12/8/2008,,DSH8216,456,409,370,1498,1,1,6,3,,,,,dmr_ij
12/8/2008,,DSH8217,416,377,342,1215,1,5,3,3,,,,,dmr_ij
12/8/2008,,DSH8218,458,416,390,1659,2,2,5,3,19,,,,dmr_ij
2/18/2009,,,401,362,335,1086,2,2,,,,,,,dmr_ij
2/18/2009,,,455,413,380,1701,2,3,,,44,,,,dmr_ij
3/10/2009,,,443,418,356,1698,1,,,,,,,,dmr_ij
3/10/2009,,,459,442,364,1789,1,,,,,,,,dmr_ij
4/9/2009,,,315,287,248,527,3,,,,,,,,dmr_ij
4/9/2009,,,327,295,256,592,2,2,,,,,,,dmr_ij
6/25/2009,,,280,252,226,401,1,1,,,,,,,dmr_ij
7/17/2009,,,190,171,146,122,3,5,,,,,,,dmr_ij
8/27/2009,,,343,307,273,710,2,5,,,,,,,dmr_ij
9/22/2009,,,505,469,414,2090,2,2,,,14,,,,dmr_ij
9/22/2009,,,354,331,285,760,2,2,,,4,,,,dmr_ij
9/24/2009,,,208,189,168,169,2,5,,,,,,,dmr_ij
10/8/2009,,,255,213,185,242,1,5,,,,,,,dmr_ij
10/8/2009,,,212,192,167,188,2,5,,,,,,,dmr_ij
10/16/2009,,,231,214,183,229,2,5,,,,,,,dmr_ij
10/16/2009,,,285,261,226,386,2,5,,,,,,,dmr_ij
10/16/2009,,,361,328,277,688,2,5,,,,,,,dmr_ij
10/16/2009,,,326,293,252,501,2,5,,,,,,,dmr_ij
10/20/2009,,,404,369,317,1169,2,,,,,,,,dmr_ij
11/13/2009,,,223,203,170,190,2,5,,,,,,,dmr_ij
11/13/2009,,,252,235,197,323,3,5,,,,,,,dmr_ij
12/8/2009,,,505,455,402,2416,1,1,,,,,,,dmr_ij
1/20/2010,,IDSH10002,238,222,184,237,1,2,1,4,,,,,dmr_ij
1/20/2010,,IDSH10001,272,246,212,329,2,2,2,4,2,,,,dmr_ij
2/22/2010,,IDSH10004,356,319,291,872,1,2,5,4,,,,,dmr_ij
2/22/2010,,IDSH10003,467,410,370,2099,1,2,5,4,,,,,dmr_ij
2/23/2010,,IDSH10007,435,391,360,1371,2,2,2,4,16,,,,dmr_ij
2/23/2010,,IDSH10006,388,350,319,953,3,,3,4,,,,,dmr_ij
2/23/2010,,IDSH10005,474,425,386,1849,1,,4,4,,,,,dmr_ij
3/11/2010,,IDSH10008,398,363,333,1142,2,,2,4,,,,,dmr_ij
4/7/2010,,IDSH10009,304,276,241,976,2,5,2,4,,,,,dmr_ij
4/8/2010,,IDSH10010,358,318,283,856,2,3,2,4,53,,,,dmr_ij
4/16/2010,,,439,397,362,1536,2,5,,,,,,,dmr_ij
9/14/2010,,,512,463,405,2299,2,1,,,,,,,dmr_ij
10/7/2010,,IDSH10011,580,529,455,3919,3,,12,4,,,,,dmr_ij
12/1/2010,,IDSH10012,317,290,261,590,2,2,2,3,4,,,,dmr_ij
12/2/2010,,IDSH10013,327,295,262,578,2,5,2,4,,,,,dmr_ij
1/10/2011,,,296,270,233,407,2,5,,,,,,,dmr_ij
2/8/2011,,IDSH11001,263,236,201,211,2,5,2,1,,,,,dmr_ij
3/7/2011,,IDSH11002,417,375,334,1159,2,5,2,4,,,,,dmr_ij
3/7/2011,,IDSH11003,339,302,271,631,2,5,0,4,,,,,dmr_ij
3/7/2011,,IDSH11004,231,210,188,228,2,,2,2,,,,,dmr_ij
5/12/2011,,,191,176,152,143,2,5,,,,,,,dmr_ij
7/19/2011,,IDSH11005,378,339,304,952,2,2,2,2,4,,,,dmr_ij
10/13/2011,,IDSH11006,258,235,210,345,1,5,1,4,,,,,dmr_ij
11/18/2011,,,380,380,305,1120,1,2,,,,,,,dmr_ij
11/18/2011,,IDSH11012,280,253,220,407,1,2,1,4,,,,,dmr_ij
11/18/2011,,IDSH11008,292,267,232,511,2,2,1,4,,,,,dmr_ij
11/18/2011,,IDSH11009,297,270,233,510,1,2,1,4,,,,,dmr_ij
11/18/2011,,IDSH11011,358,324,285,902,1,2,1,4,,,,,dmr_ij
11/18/2011,,IDSH11010,366,325,280,767,2,2,2,4,,,,,dmr_ij
12/7/2011,,,409,376,343,1180,1,3,,,,,,,dmr_ij
12/7/2011,,,360,325,284,775,2,,,,,,,,dmr_ij
12/7/2011,,,366,329,302,852,1,,,,,,,,dmr_ij
12/7/2011,,IDSH11014,367,332,298,887,2,,3,4,,,,,dmr_ij
12/7/2011,,IDSH11016,374,343,310,914,2,,4,4,,,,,dmr_ij
12/7/2011,,IDSH11017,380,338,307,906,1,,4,4,,,,,dmr_ij
12/7/2011,,IDSH11015,387,348,318,1067,2,,3,4,,,,,dmr_ij
12/7/2011,,,430,384,350,1334,1,,,,,,,,dmr_ij
12/7/2011,,IDSH11019,404,369,342,1182,1,,4,4,,,,,dmr_ij
12/12/2011,,,411,370,336,1124,2,1,,,,,,,dmr_ij
12/12/2011,,,412,373,331,1159,2,2,,,,,,,dmr_ij
12/12/2011,,,427,388,352,1358,2,1,,,,,,,dmr_ij
12/12/2011,,,456,414,381,1643,2,2,,,,,,,dmr_ij
12/12/2011,,,479,433,394,1706,2,1,,,,,,,dmr_ij
1/5/2012,,IDSH12001,201,185,154,142,2,5,0,4,,,,,dmr_ij
1/5/2012,,IDSH12002,223,216,174,221,2,,0,4,,,,,dmr_ij
2/8/2012,,IDSH12003,294,268,238,466,1,5,1,4,,,,,dmr_ij
2/9/2012,,,309,275,241,517,2,5,,,,,,,dmr_ij
2/14/2012,,IDSH12004,430,387,342,1425,2,5,,,,,,,dmr_ij
3/9/2012,,IDSH12005,379,338,306,938,1,3,2,4,43,,,,dmr_ij
3/9/2012,,IDSH12006,415,379,344,1371,2,3,5,2,77,,,,dmr_ij
4/19/2012,,IDSH12007,296,268,235,485,2,,,,,,,,dmr_ij
6/6/2012,,IDSH12009,275,249,222,362,2,5,,,,,,,dmr_ij
6/6/2012,,IDSH12008,297,267,241,472,2,5,,,,,,,dmr_ij
7/24/2012,,IDSH12010,238,216,186,275,2,5,,,,,,,dmr_ij
7/25/2012,,IDSH12013,235,230,182,235,2,5,1,3,,,,,dmr_ij
7/25/2012,,IDSH12014,255,244,202,326,2,5,2,3,,,,,dmr_ij
7/25/2012,,IDSH12011,335,304,259,699,2,5,1,3,,,,,dmr_ij
7/25/2012,,IDSH12012,262,237,201,345,2,5,1,4,,,,,dmr_ij
8/21/2012,,IDSH12015,214,203,173,203,2,5,1,3,,,,,dmr_ij
11/19/2012,,IDSH12016,457,415,382,1633,2,,3,3,,,,,dmr_ij
1/23/2013,,IDSH13002,528,476,404,2658,2,2,7,4,40,,,,dmr_ij
1/23/2013,,IDSH13001,278,254,221,333,2,5,1,4,,,,,dmr_ij
1/29/2013,,IDSH13003,454,412,369,1555,2,5,6,3,,,,,dmr_ij
1/29/2013,,IDSH13004,466,424,380,1665,2,2,4,4,20,,,,dmr_ij
2/26/2013,,IDSH13006,357,330,282,808,1,4,2,1,,,,,dmr_ij
2/26/2013,,IDSH13007,416,377,337,1295,2,2,4,1,,,,,dmr_ij
2/26/2013,,IDSH13005,475,429,364,1891,1,4,5,4,,,,,dmr_ij
2/27/2013,,IDSH13008,320,292,258,542,2,5,1,4,,,,,dmr_ij
3/14/2013,,IDSH13009,472,429,400,2071,1,3,6,1,26,,,,dmr_ij
3/14/2013,,IDSH13010,444,404,387,1704,2,2,5,1,54,,,,dmr_ij
3/14/2013,,IDSH13011,457,408,373,1800,2,2,6,3,37,,,,dmr_ij
3/14/2013,,IDSH13012,400,362,321,1156,1,3,3,4,19,,,,dmr_ij
3/14/2013,,,471,428,389,1887,2,2,,,22,,,,dmr_ij
3/14/2013,,,472,427,389,2238,2,3,,,84,,,,dmr_ij
3/14/2013,,,427,398,349,1491,1,3,,,34,,,,dmr_ij
3/27/2013,,IDSH13013,389,360,297,1118,2,3,3,4,90,,,,dmr_ij
4/16/2013,,IDSH13014,250,229,196,267,3,5,2,1,,,,,dmr_ij
4/24/2013,,IDSH13015,241,224,193,249,2,5,1,4,,,,,dmr_ij
4/24/2013,,IDSH13017,239,215,183,251,2,5,1,4,,,,,dmr_ij
4/24/2013,,IDSH13016,264,240,209,289,2,,1,4,,,,,dmr_ij
2/14/2014,,IDSH14001,409,368,312,1234,2,5,3,4,,,,,dmr_ij
2/24/2014,,IDSH14002,530,486,428,2932,2,1,6,4,,,,,dmr_ij
3/19/2014,,IDSH14003,485,442,381,2420,2,3,5,3,234,,,,dmr_ij
3/20/2014,,IDSH14004,249,223,194,256,2,5,2,1,,,,,dmr_ij
3/20/2014,,IDSH14008,327,302,258,536,2,5,2,1,,,,,dmr_ij
3/20/2014,,IDSH14009,222,204,170,194,3,5,1,4,,,,,dmr_ij
3/20/2014,,IDSH14010,329,300,257,535,2,5,1,4,,,,,dmr_ij
3/20/2014,,IDSH14005,239,218,189,245,2,5,2,4,,,,,dmr_ij
3/20/2014,,IDSH14006,241,220,187,264,2,5,1,4,,,,,dmr_ij
3/20/2014,,IDSH14007,305,278,239,548,2,5,2,4,,,,,dmr_ij
4/23/2014,,,239,218,189,272,3,,,,,,,,dmr_ij
5/15/2014,,IDSH14011,176,163,142,108,3,5,1,4,,,,,dmr_ij
8/14/2014,,IDSH14012,206,191,163,184,2,5,1,2,,,,,dmr_ij
8/14/2014,,IDSH14013,395,353,309,1028,1,2,7,2,,,,,dmr_ij
8/20/2014,,IDSH14014,223,205,169,209,2,5,1,4,,,,,dmr_ij
10/10/2014,,IDSH14015,445,410,352,1542,2,2,5,4,,,,,dmr_ij
10/27/2014,,,409,409,316,1141,2,2,,,,,,,dmr_ij
11/19/2014,,IDSH14016,380,341,304,1024,2,5,4,3,,,,,dmr_ij
11/20/2014,,IDSH14017,305,280,235,544,2,1,,,,,,,dmr_ij
11/20/2014,,IDSH14018,385,354,304,1049,2,2,5,1,11,,,,dmr_ij
1/12/2015,,IDSH15001,375,340,292,1087,2,2,2,3,,,,,dmr_ij
1/20/2015,,IDSH15002,445,404,357,1639,2,3,5,4,14,,,,dmr_ij
2/10/2015,,IDSH15003,346,309,261,705,2,2,3,4,4,,,,dmr_ij
2/10/2015,,IDSH15004,449,408,347,1656,2,2,5,1,17,,,,dmr_ij
3/2/2015,,IDSH15005,385,354,302,1068,2,3,2,4,,,,,dmr_ij
3/16/2015,,IDSH15006,452,412,344,1575,1,,5,4,55,,,,dmr_ij
3/16/2015,,IDSH15007,335,312,255,599,2,2,2,4,,,,,dmr_ij
3/20/2015,,IDSH15008,420,382,321,1201,1,3,3,4,46,,,,dmr_ij
3/20/2015,,IDSH15009,501,454,392,2179,1,3,4,4,50,,,,dmr_ij
3/20/2015,,IDSH15010,484,446,387,2335,2,3,4,4,135,,,,dmr_ij
3/20/2015,,,398,362,313,1420,2,3,,,102,,,,dmr_ij
3/20/2015,,,394,356,309,1193,1,3,,,26,,,,dmr_ij
3/20/2015,,,411,376,274,1329,1,3,,,27,,,,dmr_ij
3/20/2015,,,462,423,369,1838,1,3,,,47,,,,dmr_ij
3/20/2015,,IDSH15011,414,373,316,1188,1,3,3,1,23,,,,dmr_ij
4/1/2015,,IDSH15012,245,223,185,252,2,2,2,1,,,,,dmr_ij
4/20/2015,,IDSH15013,320,288,251,551,2,2,2,3,,,,,dmr_ij
9/10/2015,,IDSH15014,384,358,293,1114,1,2,2,4,,,,,dmr_ij
10/16/2015,,IDSH15015,130,121,100,45,2,5,,,,,,,dmr_ij
11/19/2015,,IDSH15016,311,286,237,474,2,2,,,,,,,dmr_ij
12/8/2015,,IDSH15017,330,299,267,609,2,5,2,4,,,,,dmr_ij
1/13/2016,,IDSH16001,409,366,316,1217,2,2,4,4,11,,,,dmr_ij
2/10/2016,,,480,436,380,2092,2,3,,,44,,,,dmr_ij
2/17/2016,,IDSH16002,445,404,354,1450,1,3,4,4,,,,,dmr_ij
2/25/2016,,IDSH16003,426,385,328,1423,1,2,3,4,,,,,dmr_ij
3/22/2016,,IDSH16006,372,344,283,823,2,2,3,4,,,,,dmr_ij
3/24/2016,,IDSH16004,386,354,301,892,1,2,3,4,,,,,dmr_ij
3/28/2016,,IDSH16005,430,388,331,1292,3,5,4,4,,,,,dmr_ij
4/6/2016,,IDSH16007,302,282,227,468,2,2,2,3,,,,,dmr_ij
4/19/2016,,IDSH16008,381,346,314,1107,2,2,2,4,,,,,dmr_ij
5/9/2016,,,380,380,295,970,2,2,,,,,,,dmr_ij
8/4/2016,,IDSH16009,511,458,402,2138,1,2,5,4,6,,,,dmr_ij
8/4/2016,,IDSH16010,415,376,323,1332,1,2,4,4,,,,,dmr_ij
11/18/2016,,IDSH16011,501,455,392,1925,2,3,5,4,15,,,,dmr_ij
12/12/2016,,,386,347,300,1004,2,2,,,,,,,dmr_ij
12/12/2016,,IDSH16012,442,397,342,1602,2,2,5,4,7,,,,dmr_ij
12/12/2016,,IDSH16013,460,419,364,1672,1,3,5,3,6,,,,dmr_ij
12/12/2016,,IDSH16014,428,383,329,1297,2,3,4,4,6,,,,dmr_ij
12/12/2016,,IDSH16015,384,345,300,1031,1,2,3,4,,,,,dmr_ij
12/20/2016,,IDSH16017,501,454,408,1948,2,2,6,4,,,,,dmr_ij
12/27/2016,,IDSH16016,454,427,380,1824,1,2,5,4,,,,,dmr_ij
3/2/2004,,SH84,491,449,392,1999.2,2,5,,,,,,,gcrl_ij
3/15/2004,,SH95,476,432,378,2187.7,2,6,,,,,,,gcrl_ij
3/15/2004,,SH94,405,366,318,1044.8,1,8,,,,,,,gcrl_ij
4/5/2004,,SH127,295,267,224,471.9,1,3,,,,,,,gcrl_ij
4/22/2004,,SH135,321,296,250,642.7,2,8,,,,,,,gcrl_ij
4/23/2004,,SH136,430,398,336,1418.9,2,2,,,,,,,gcrl_ij
5/17/2004,,SH141,294,269,225,405.4,2,11,,,,,,,gcrl_ij
8/9/2004,,SH166,294,265,227,390.4,2,1,,,,,,,gcrl_ij
8/12/2004,,SH167,249,235,194,278.8,3,,,,,,,,gcrl_ij
9/28/2004,,SH172,234,213,180,230,2,2,,,,,,,gcrl_ij
11/4/2004,,SH182,263,238,201,300.4,2,1,,,,,,,gcrl_ij
12/15/2004,,SH207,416,381,330,1213.9,2,3,,,,,,,gcrl_ij
12/15/2004,,SH208,461,410,360,1678.2,2,3,,,,,,,gcrl_ij
1/11/2005,,SH209,423,,334,1434.7,2,,,,,,,,gcrl_ij
2/14/2005,,SH210,525,468,412,2613.4,1,9,,,,,,,gcrl_ij
2/14/2005,,SH211,555,509,446,2983.8,1,9,,,,,,,gcrl_ij
2/16/2005,,SH212,374,332,295,873.9,2,3,,,,,,,gcrl_ij
2/16/2005,,SH213,275,246,212,376,2,3,,,,,,,gcrl_ij
2/16/2005,,SH216,221,200,171,183.3,3,,,,,,,,gcrl_ij
2/16/2005,,SH214,232,211,180,215.3,3,,,,,,,,gcrl_ij
2/16/2005,,SH215,414,375,324,1193.1,1,3,,,,,,,gcrl_ij
2/22/2005,,SH218,385,350,303,924.2,1,2,,,,,,,gcrl_ij
2/22/2005,,SH217,284,259,220,372.4,1,3,,,,,,,gcrl_ij
3/24/2005,,SH0220,355,320,274,705.1,1,3,,,,,,,gcrl_ij
4/28/2005,,SH0231,425,391,330,1195.1,1,8,,,,,,,gcrl_ij
5/16/2005,,SH232,405,370,318,1086.1,1,11,,,,,,,gcrl_ij
11/29/2005,,SH0264,470,420,365,1573.8,2,2,,,,,,,gcrl_ij
12/6/2005,,SH0273,446,401,349,1329.1,2,2,,,,,,,gcrl_ij
12/7/2005,,SH0274,458,414,360,1825.1,2,2,,,,,,,gcrl_ij
12/12/2005,,SH0275,335,301,262,625.4,2,2,,,,,,,gcrl_ij
12/13/2005,,SH0277,430,385,334,1342.8,1,2,,,,,,,gcrl_ij
12/13/2005,,SH0276,477,439,378,1894.9,1,2,,,,,,,gcrl_ij
2/14/2006,,SH0288,350,319,275,818,1,3,,,,,,,gcrl_ij
11/10/2006,,,332,309,266,,,,,,,,,,gcrl_ij
11/10/2006,,,355,324,279,,,,,,,,,,gcrl_ij
12/12/2006,,,465,418,365,,,,,,,,,,gcrl_ij
12/12/2006,,,510,453,407,,,,,,,,,,gcrl_ij
2/22/2007,,SH0351,482,439,375,1847.6,1,3,,,,,,,gcrl_ij
2/22/2007,,SH0350,532,489,423,2575.7,2,3,,,,,,,gcrl_ij
3/7/2007,,SH0359,552,496,435,3422.8,1,8,,,,,,,gcrl_ij
6/20/2007,,SH0428,225,205,175,,3,,,,,,,,gcrl_ij
7/10/2007,,SH0429,433,395,340,1378.6,2,11,,,,,,,gcrl_ij
12/12/2007,,,337,,301,,,,,,,,,,gcrl_ij
12/12/2007,,,343,309,267,,,,,,,,,,gcrl_ij
2/29/2008,,SH0452,367,336,287,892,1,8,,,,,,,gcrl_ij
3/5/2008,,SH0453,260,239,202,303,2,2,,,,,,,gcrl_ij
3/10/2008,,SH0454,450,410,360,1541,1,9,,,,,,,gcrl_ij
9/17/2008,,SH0455,231,210,180,232.7,3,5,,,,,,,gcrl_ij
10/9/2008,,SH0456,475,440,391,1998.7,2,1,,,,,,,gcrl_ij
10/17/2008,,,519,469,413,,,,,,,,,,gcrl_ij
11/19/2008,,SH0456,346,312,272,716.2,2,1,,,,,,,gcrl_ij
11/19/2008,,SH0457,334,302,258,618.6,2,2,,,,,,,gcrl_ij
12/17/2008,,SH0458,389,350,304,1020.8,2,2,,,,,,,gcrl_ij
12/17/2008,,SH0459,407,370,322,1189.6,2,2,,,,,,,gcrl_ij
1/23/2009,,SH0450,426,389,335,1485.2,2,2,,,,,,,gcrl_ij
2/23/2009,,,455,420,354,,,,,,,,,,gcrl_ij
4/16/2009,,SH0462,378,345,298,1022.6,2,4,,,,,,,gcrl_ij
4/20/2009,,SH0463,282,258,220,396.1,3,5,,,,,,,gcrl_ij
5/11/2009,,SH0464,410,375,320,1157.6,2,4,,,,,,,gcrl_ij
10/7/2009,,SH0465,245,220,188,280.7,3,5,,,,,,,gcrl_ij
11/12/2009,,SH0466,337,311,261,644.3,3,5,,,,,,,gcrl_ij
11/13/2009,,SH0467,488,442,388,2440,2,2,,,,,,,gcrl_ij
11/13/2009,,SH0468,514,470,404,2480,2,2,,,,,,,gcrl_ij
11/13/2009,,,530,420,380,1340,2,2,,,,,,,gcrl_ij
1/22/2010,,SH0469,244,220,189,230.7,3,5,,,,,,,gcrl_ij
1/27/2010,,SH0470,342,308,263,681.3,1,2,,,,,,,gcrl_ij
1/27/2010,,SH0471,347,311,267,772.5,1,2,,,,,,,gcrl_ij
1/27/2010,,SH0472,372,339,290,955.3,2,2,,,,,,,gcrl_ij
1/27/2010,,SH0473,485,442,380,2078.3,2,2,,,,,,,gcrl_ij
2/19/2010,,SH0474,268,245,209,332.3,2,2,,,,,,,gcrl_ij
3/5/2010,,SH0476,270,245,206,371.8,2,4,,,,,,,gcrl_ij
3/5/2010,,SH0475,291,261,225,486.2,3,5,,,,,,,gcrl_ij
4/7/2010,,SH0477,370,336,287,858.2,1,5,,,,,,,gcrl_ij
4/22/2010,,SH0478,409,372,320,1152.2,1,4,,,,,,,gcrl_ij
5/19/2010,,SH0479,264,241,203,353,2,4,,,,,,,gcrl_ij
1/26/2011,,SH483,445,404,342,1688.2,2,2,,,,,,,gcrl_ij
1/26/2011,,SH480,536,482,417,2993.5,2,2,,,,,,,gcrl_ij
1/26/2011,,SH481,488,441,387,2003.9,1,2,,,,,,,gcrl_ij
1/26/2011,,SH482,379,340,291,957.9,3,5,,,,,,,gcrl_ij
2/16/2011,,SH484,481,436,381,1975.3,1,3,,,,,,,gcrl_ij
2/16/2011,,SH485,384,346,300,1067.1,1,3,,,,,,,gcrl_ij
11/9/2011,,SH486,453,410,357,1652.2,2,2,,,,,,,gcrl_ij
12/12/2011,,SH487,542,484,422,3000,2,2,,,,,,,gcrl_ij
1/19/2012,,SH488,440,400,344,1735.2,2,2,,,,,,,gcrl_ij
1/19/2012,,SH489,362,327,280,805,3,5,,,,,,,gcrl_ij
1/19/2012,,SH490,364,328,281,925.2,1,2,,,,,,,gcrl_ij
1/19/2012,,SH491,324,292,247,596.6,1,2,,,,,,,gcrl_ij
2/7/2012,,SH492,445,398,347,1560,1,2,,,,,,,gcrl_ij
2/7/2012,,SH493,421,374,320,1308.6,2,2,,,,,,,gcrl_ij
3/6/2012,,SH494,448,404,354,1498.6,2,2,,,,,,,gcrl_ij
3/6/2012,,SH495,430,391,342,1496.2,2,2,,,,,,,gcrl_ij
9/4/2012,,SH497,327,294,251,599,2,2,,,,,,,gcrl_ij
9/4/2012,,,,,,,,,,,,,,,gcrl_ij
9/4/2012,,,221,199,165,195,3,5,,,,,,,gcrl_ij
9/4/2012,,SH496,482,440,387,1938,2,1,,,,,,,gcrl_ij
1/23/2013,,SH498,384,332,285,904,2,1,,,,,,,gcrl_ij
2/8/2013,,SH499,470,423,364,2027,2,2,,,37.2,,,,gcrl_ij
2/18/2013,,SH501,463,413,351,1864.8,2,3,,,74.4,,,,gcrl_ij
2/18/2013,,SH500,415,370,323,1245,1,3,,,33.2,,,,gcrl_ij
2/27/2013,,SH502,225,210,180,207.8,,,,,,,,,gcrl_ij
2/27/2013,,SH503,241,223,188,232.2,,,,,,,,,gcrl_ij
3/18/2013,,SH504,469,421,366,2060,1,3,,,,,,,gcrl_ij
3/18/2013,,SH505,478,434,377,2040,2,3a,,,124.4,,,,gcrl_ij
4/15/2013,,SH506,437,400,349,1415.2,1,3,,,,,,,gcrl_ij
5/14/2013,,SH507,450,,362,1657.4,1,1,,,,,,,gcrl_ij
5/20/2013,,SH508,309,276,229,527.4,3,5,,,,,,,gcrl_ij
8/15/2013,,SH509,210,193,161,176.6,3,5,,,,,,,gcrl_ij
10/8/2013,,SH510,368,329,282,845.2,2,2,,,3.8,,,,gcrl_ij
12/5/2013,,SH511,444,400,343,1711.2,1,3a,,,,,,,gcrl_ij
1/10/2014,,SH517,393,340,277,892.4,2,2,,,9.2,,,,gcrl_ij
1/10/2014,,SH518,429,382,328,1453.4,1,3,,,,,,,gcrl_ij
1/10/2014,,SH512,514,460,405,2460,2,3,,,27.8,,,,gcrl_ij
1/10/2014,,SH513,367,334,285,917.8,1,2,,,,,,,gcrl_ij
1/10/2014,,SH514,529,476,417,2580,2,3,,,40.2,,,,gcrl_ij
1/10/2014,,SH515,360,326,278,826.2,2,2,,,6.8,,,,gcrl_ij
1/10/2014,,SH516,464,411,361,1636.8,1,3,,,,,,,gcrl_ij
1/31/2014,,SH519,441,400,346,1382.6,2,3,,,13.6,,,,gcrl_ij
2/14/2014,,SH524,535,482,419,3240,2,3,,,65.6,,,,gcrl_ij
2/14/2014,,SH525,480,430,374,1900,2,2,,,19.2,,,,gcrl_ij
2/14/2014,,SH520,505,457,401,2180,2,3,,,39.6,,,,gcrl_ij
2/14/2014,,ST521,440,400,345,1477.8,1,3,,,,,,,gcrl_ij
2/14/2014,,ST522,474,424,373,2020,1,2,,,,,,,gcrl_ij
2/14/2014,,ST523,537,482,415,3020,2,3,,,50.4,,,,gcrl_ij
2/19/2014,,SH526,463,418,362,1864.6,1,4,,,,,,,gcrl_ij
2/19/2014,,SH527,310,278,242,524,2,4,,,3,,,,gcrl_ij
3/7/2014,,SH528,374,339,293,917.6,2,4,,,6.2,,,,gcrl_ij
3/7/2014,,,366,328,285,823.4,1,4,,,,,,,gcrl_ij
3/7/2014,,,366,333,289,892,2,4,,,22.6,,,,gcrl_ij
3/7/2014,,,365,330,283,880,1,4,,,,,,,gcrl_ij
3/7/2014,,SH529,386,351,307,1059.6,1,3,,,,,,,gcrl_ij
3/7/2014,,SH530,389,351,304,1077.4,1,3,,,,,,,gcrl_ij
3/7/2014,,SH531,374,338,293,858.8,1,2,,,,,,,gcrl_ij
3/7/2014,,SH532,275,253,212,375.8,2,4,,,1.6,,,,gcrl_ij
3/7/2014,,SH533,285,261,222,444.4,3,5,,,,,,,gcrl_ij
6/12/2014,,SH534,300,275,232,468.4,3,5,,,,,,,gcrl_ij
6/12/2014,,SH535,276,250,214,382.6,1,5,,,,,,,gcrl_ij
9/10/2014,,SH536,250,226,191,313.6,3,5,,,,,,,gcrl_ij
12/2/2014,,SH537,401,361,314,1177,1,2,,,,,,,gcrl_ij
12/9/2014,,SH538,345,313,265,695.2,2,2,,,3.6,,,,gcrl_ij
12/9/2014,,SH539,365,327,283,882.4,1,2,,,,,,,gcrl_ij
12/9/2014,,SH540,434,393,340,1358.2,1,2,,,,,,,gcrl_ij
12/9/2014,,SH541,477,427,368,1723.6,2,2,,,11.8,,,,gcrl_ij
1/6/2015,,SH542,416,377,329,1372.8,2,2,,,13.2,,,,gcrl_ij
1/27/2015,,,520,471,411,2800,1,3,,,,,,,gcrl_ij
1/27/2015,,SH543,511,460,402,2200,1,3,,,,,,,gcrl_ij
1/27/2015,,SH544,401,365,317,1044.8,1,2,,,,,,,gcrl_ij
3/3/2015,,SH545,373,335,291,904.2,2,2,,,5.6,,,,gcrl_ij
3/3/2015,,SH546,428,386,335,1525,2,3,,,48.4,,,,gcrl_ij
4/15/2015,,SH547,406,368,320,1139.6,1,4,,,,,,,gcrl_ij
7/7/2015,,SH548,370,337,288,903.8,3,5,,,,,,,gcrl_ij
8/12/2015,,SH549,480,442,384,1811.4,2,2,,,10.244,,,,gcrl_ij
11/10/2015,,SH550,396,357,306,1156.4,1,2,,,,,,,gcrl_ij
12/14/2015,,SH551,383,346,300,919.8,2,2,,,5.889,,,,gcrl_ij
12/14/2015,,SH552,405,363,314,1161.2,2,2,,,10.648,,,,gcrl_ij
12/14/2015,,SH553,426,384,333,1344.2,1,2,,,,,,,gcrl_ij
1/14/2016,,SH554,496,449,388,2280,2,2,,,23.308,,,,gcrl_ij
1/15/2016,,SH555,429,391,344,1537,2,2,,,14.053,,,,gcrl_ij
1/15/2016,,SH556,388,350,307,1105,2,2,,,9.356,,,,gcrl_ij
1/15/2016,,SH557,500,448,393,2320,2,3,,,105.811,,,,gcrl_ij
1/25/2016,,SH558,369,330,282,853.8,2,2,,,6.921,,,,gcrl_ij
1/25/2016,,SH559,521,473,406,2340,1,2,,,,,,,gcrl_ij
2/1/2016,,SH560,296,268,230,441.2,3,5,,,,,,,gcrl_ij
3/7/2016,,SH561,509,458,400,2120,1,3a,,,,,,,gcrl_ij
3/7/2016,,SH562,492,444,387,2300,1,3a,,,,,,,gcrl_ij
5/5/2016,,SH563,409,370,317,1170.4,1,1,,,,,,,gcrl_ij
10/13/2016,,SH570,299,273,235,464,3,5,,,,,,,gcrl_ij
10/13/2016,,SH571,359,333,286,831.4,2,2,,,1.406,,,,gcrl_ij
10/13/2016,,SH572,377,346,300,1015.2,1,2,,,,,,,gcrl_ij
