NAME,STATION,DATE,SET,NET_HRS,GEAR,PANEL,LAB_ID,HISTO,TAGNUM,TOTLEN,FORLEN,STDLEN,WGHT,SEX,MATUR,AGE,M_CODE,Predicted Forlen,,
36030680101,363,12/2/2003,2,0.50,10,24,SH0033,-1,,381,347,301,1063.8,2,5,4,4,391.5187652,-45,1981.9204568699
36030680101,310,12/15/2003,-1,0.00,14,-1,SH0034,AP1,,375,340,287,987.1,1,4,3,4,363.818164,-24,567.3049358169
36030680101,309,12/16/2003,-1,0.00,14,-1,SH0035,AP2,,431,390,332,1319.2,2,3,4,6,391.5187652,-2,2.3066477988
36030680101,309,12/16/2003,-1,0.00,14,-1,SH0036,AP3,,458,410,353,1567.5,2,4,4,6,391.5187652,18,341.5560389285
36030680101,309,12/16/2003,-1,0.00,14,-1,SH0037,AP4,,384,348,296,1020.2,1,4,3,5,363.818164,-16,250.2143119895
36030680101,309,12/16/2003,-1,0.00,14,-1,SH0038,AP5,,405,365,312,1059.6,1,4,4,6,391.5187652,-27,703.2449088867
36030680101,309,12/16/2003,-1,0.00,14,-1,SH0039,AP6,,448,408,350,1477.7,1,3,3,4,363.818164,44,1952.0346332843
36030680101,309,12/16/2003,-1,0.00,14,-1,SH0040,AP7,,388,350,297,1006.3,2,3,3,5,363.818164,-14,190.9416560327
36030680101,309,12/17/2003,-1,0.00,14,-1,SH0041,-1,,394,359,310,1104.0,2,3,3,6,363.818164,-5,23.2147042269
36030680101,309,12/17/2003,-1,0.00,14,-1,SH0042,-1,,390,347,300,1085.6,1,4,4,4,391.5187652,-45,1981.9204568699
36030680101,309,12/17/2003,-1,0.00,14,-1,SH0043,AP9,,482,441,386,2027.0,1,8,4,6,391.5187652,49,2448.3925951796
36030680101,309,12/17/2003,-1,0.00,14,-1,SH0044,-1,,374,339,291,923.0,1,3,4,6,391.5187652,-53,2758.2207004180
36030680101,309,12/17/2003,-1,0.00,14,-1,SH0045,-1,,415,376,325,1191.0,2,4,3,5,363.818164,12,148.3971285938
36030680101,309,12/17/2003,-1,0.00,14,-1,SH0046,-1,,490,443,382,2044.1,2,4,4,6,391.5187652,51,2650.3175342926
36030680101,309,12/17/2003,-1,0.00,14,-1,SH0047,-1,,392,348,300,994.6,1,3,3,4,363.818164,-16,250.2143119895
36030680101,309,12/17/2003,-1,0.00,14,-1,SH0048,-1,,376,339,296,899.5,1,2,3,6,363.818164,-25,615.9412637953
36030680101,309,12/17/2003,-1,0.00,14,-1,SH0049,-1,,455,412,353,1755.3,1,3,4,6,391.5187652,20,419.4809780415
36030680101,309,12/17/2003,-1,0.00,14,-1,SH0050,AP8,,454,406,352,1772.7,1,6,4,6,391.5187652,14,209.7061607026
36030680101,309,12/17/2003,-1,0.00,14,-1,SH0051,AP10,,461,413,361,1676.5,1,4,4,6,391.5187652,21,461.4434475980
36030680101,309,12/17/2003,-1,0.00,14,-1,SH0052,AP11,,446,406,354,1524.6,2,3,4,6,391.5187652,14,209.7061607026
36030680101,309,12/17/2003,-1,0.00,14,-1,SH0053,AP12,,416,375,323,1211.2,1,2,3,5,363.818164,11,125.0334565722
36030680101,309,12/17/2003,-1,0.00,14,-1,SH0054,AP13,,437,395,342,1441.5,2,5,4,6,391.5187652,3,12.1189955813
36030680101,309,12/17/2003,-1,0.00,14,-1,SH0055,AP14,,484,437,380,1692.3,1,2,4,6,391.5187652,45,2068.5427169537
36030680101,309,1/3/2004,-1,0.00,15,-1,SH0056,-1,,516,469,412,2495.0,1,-1,5,5,408.9736734,60,3603.1598894870
36030680101,420,1/5/2004,2,0.50,10,22,SH0057,-1,,211,192,158,155.9,3,-1,1,6,250.0936731,-58,3374.8748577669
36030680101,310,1/12/2004,-1,0.00,14,-1,SH0058,AP15,,310,283,242,554.4,1,11,1,6,250.0936731,33,1082.8263480574
36030680101,309,1/12/2004,-1,0.00,14,-1,SH0059,AP16,,435,395,335,1325.8,1,4,4,6,391.5187652,3,12.1189955813
36030680101,309,1/13/2004,-1,0.00,14,-1,SH0060,AP17,,487,441,381,1989.4,2,4,4,6,391.5187652,49,2448.3925951796
36030680101,309,1/13/2004,-1,0.00,14,-1,SH0061,AP18,,395,355,306,1014.7,2,4,4,6,391.5187652,-37,1333.6202133218
36030680101,309,1/13/2004,-1,0.00,14,-1,SH0062,AP19,,399,360,307,1084.4,1,2,4,5,391.5187652,-32,993.4325611042
36030680101,309,1/13/2004,-1,0.00,14,-1,SH0063,AP20,,469,423,367,1614.9,1,4,5,4,408.9736734,14,196.7378389173
36030680101,309,1/13/2004,-1,0.00,14,-1,SH0064,AP21,,422,380,330,1463.3,2,4,3,6,363.818164,16,261.8518166801
36030680101,309,1/14/2004,-1,0.00,14,-1,SH0065,AP22,,402,364,311,1185.0,2,4,3,6,363.818164,0,0.0330643348
36030680101,309,1/14/2004,-1,0.00,14,-1,SH0066,AP23,,391,354,300,1043.5,1,4,3,5,363.818164,-10,96.3963441190
36030680101,336,1/16/2004,1,0.50,10,22,SH0067,AP24,,372,339,292,942.2,1,4,4,4,391.5187652,-53,2758.2207004180
36030680101,336,1/16/2004,2,0.50,10,20,SH0068,AP25,,401,363,315,1261.2,2,4,4,5,391.5187652,-29,813.3199697737
36030680101,336,1/16/2004,2,0.50,10,20,SH0069,AP26,,342,326,269,730.9,1,3,4,5,391.5187652,-66,4292.7085961837
36030680101,309,1/26/2004,-1,0.00,14,-1,SH0070,AP27,,270,244,210,367.4,2,1,1,6,250.0936731,-6,37.1328522186
36030680101,309,1/26/2004,-1,0.00,14,-1,SH0071,AP28,,334,304,259,674.8,1,3,1,6,250.0936731,54,2905.8920765859
36030680101,309,1/26/2004,-1,0.00,14,-1,SH0072,AP29,,278,255,212,432.8,2,2,4,4,391.5187652,-137,18637.3732576731
36030680101,309,1/26/2004,-1,0.00,14,-1,SH0073,AP30,,395,355,303,1020.5,1,4,3,5,363.818164,-9,77.7600161406
36030680101,309,1/26/2004,-1,0.00,14,-1,SH0074,AP31,,372,343,290,908.4,1,4,3,5,363.818164,-21,433.3959518816
36030680101,309,1/26/2004,-1,0.00,14,-1,SH0075,AP32,,451,412,355,1543.4,1,4,6,5,419.9724894,-8,63.5605879075
36030680101,309,1/29/2004,-1,0.00,14,-1,SH0076,AP33,,382,344,303,983.1,2,6,4,5,391.5187652,-48,2258.0330482004
36030680101,309,1/29/2004,-1,0.00,14,-1,SH0077,AP34,,415,379,326,1331.6,1,4,5,6,408.9736734,-30,898.4210948942
36030680101,309,1/29/2004,-1,0.00,14,-1,SH0078,AP35,,441,400,351,1429.7,1,4,4,6,391.5187652,8,71.9313433637
36030680101,309,1/29/2004,-1,0.00,14,-1,SH0079,AP36,,456,410,352,1669.7,2,6,4,6,391.5187652,18,341.5560389285
36030680101,37,2/19/2004,-1,0.00,1,-1,SH0080,-1,,140,131,110,51.6,3,-1,0,6,139.3792813,-8,70.2123555316
36030680101,309,2/20/2004,-1,0.00,14,-1,SH0081,AP37,,421,380,331,1231.2,1,4,3,5,363.818164,16,261.8518166801
36030680101,335,2/26/2004,1,0.50,10,20,SH0082,AP38,,372,339,291,933.1,2,3,3,6,363.818164,-25,615.9412637953
36030680101,309,2/27/2004,-1,0.00,14,-1,SH0083,AP39,,353,321,280,744.3,2,3,2,6,319.8578462,1,1.3045152711
36030680101,309,2/27/2004,-1,0.00,14,-1,SH0084,AP40,,489,440,383,2253.5,2,6,3,6,363.818164,76,5803.6721379749
36030680101,335,3/9/2004,1,0.50,13,-1,SH0085,AP42,,384,346,301,937.9,2,3,3,6,363.818164,-18,317.4869679464
36030680101,385,3/11/2004,-1,0.00,14,-1,SH0086,AP43,,301,275,240,508.6,2,3,1,5,250.0936731,25,620.3251181417
36030680101,385,3/11/2004,-1,0.00,14,-1,SH0087,AP44,,446,407,351,1736.0,1,4,4,6,391.5187652,15,239.6686302591
36030680101,385,3/11/2004,-1,0.00,14,-1,SH0088,AP45,,293,265,222,479.0,1,3,1,6,250.0936731,15,222.1985807472
36030680101,385,3/11/2004,-1,0.00,14,-1,SH0089,AP46,,370,331,288,1031.1,1,8,2,6,319.8578462,11,124.1475909934
36030680101,385,3/11/2004,-1,0.00,14,-1,SH0090,AP47,,420,381,324,1397.1,1,7,4,6,391.5187652,-11,110.6444217904
36030680101,385,3/11/2004,-1,0.00,14,-1,SH0091,AP48,,320,292,246,576.5,2,3,1,6,250.0936731,42,1756.1402317125
36030680101,385,3/11/2004,-1,0.00,14,-1,SH0092,AP49,,340,307,261,723.4,1,4,3,5,363.818164,-57,3228.3037591048
36030680101,385,3/11/2004,-1,0.00,14,-1,SH0093,AP50,,289,262,216,458.5,2,3,1,5,250.0936731,12,141.7606195288
36030680101,332,3/15/2004,1,0.50,10,24,SH0094,AP51,,405,366,318,1044.8,1,8,4,6,391.5187652,-26,651.2073784431
36030680101,332,3/15/2004,1,0.50,10,22,SH0095,AP52,,476,432,378,2187.7,2,6,4,6,391.5187652,40,1638.7303691713
36030680101,385,3/16/2004,-1,0.00,14,-1,SH0096,AP53,,430,388,335,1383.8,1,6,4,6,391.5187652,-4,12.3817086858
36030680101,385,3/16/2004,-1,0.00,14,-1,SH0097,AP54,,375,338,290,907.0,2,3,3,5,363.818164,-26,666.5775917737
36030680101,385,3/16/2004,-1,0.00,14,-1,SH0098,AP55,,285,259,223,416.8,2,4,1,6,250.0936731,9,79.3226583104
36030680101,385,3/16/2004,-1,0.00,14,-1,SH0099,AP56,,382,344,299,981.2,1,6,3,5,363.818164,-20,392.7596239032
36030680101,309,3/18/2004,-1,0.00,14,-1,SH0100,AP57,,458,415,360,1779.1,2,6,4,5,391.5187652,23,551.3683867110
36030680101,309,3/18/2004,-1,0.00,14,-1,SH0101,AP58,,351,319,270,772.5,1,8,2,6,319.8578462,-1,0.7359001267
36030680101,309,3/18/2004,-1,0.00,14,-1,SH0102,AP59,,318,289,246,623.2,1,8,1,6,250.0936731,39,1513.7022704941
36030680101,309,3/18/2004,-1,0.00,14,-1,SH0103,AP60,,294,268,222,471.9,1,5,1,6,250.0936731,18,320.6365419655
36030680101,309,3/18/2004,-1,0.00,14,-1,SH0104,AP61,,304,275,232,556.0,2,2,1,6,250.0936731,25,620.3251181417
36030680101,36,3/23/2004,-1,0.17,1,-1,SH0105,-1,,202,186,158,145.9,3,-1,0,6,139.3792813,47,2173.4914097284
36030680101,36,3/23/2004,-1,0.17,1,-1,SH0106,-1,,184,169,144,123.5,3,-1,0,6,139.3792813,30,877.3869747948
36030680101,36,3/23/2004,-1,0.17,1,-1,SH0107,-1,,147,135,113,57.8,3,-1,,, , , 
36030680101,36,3/23/2004,-1,0.17,1,-1,SH0108,-1,,180,163,141,106.1,3,-1,0,6,139.3792813,24,557.9383507006
36030680101,36,3/23/2004,-1,0.17,1,-1,SH0109,-1,,182,167,143,109.6,3,-1,0,6,139.3792813,28,762.9041000968
36030680101,36,3/23/2004,-1,0.17,1,-1,SH0110,-1,,166,153,128,85.1,3,-1,0,6,139.3792813,14,185.5239772103
36030680101,404,3/29/2004,-1,0.00,14,-1,SH0111,AP62,,239,218,182,235.3,1,1,2,6,319.8578462,-102,10375.0208353315
36030680101,404,3/29/2004,-1,0.00,14,-1,SH0112,AP63,,449,408,349,1630.7,1,8,3,5,363.818164,44,1952.0346332843
36030680101,404,3/29/2004,-1,0.00,14,-1,SH0113,AP64,,425,386,338,1101.1,1,5,4,6,391.5187652,-6,30.4567695729
36030680101,404,3/29/2004,-1,0.00,14,-1,SH0114,AP65,,360,321,278,762.1,1,8,4,6,391.5187652,-71,4972.8962484013
36030680101,404,3/29/2004,-1,0.00,14,-1,SH0115,AP66,,420,375,322,1279.3,2,7,4,6,391.5187652,-17,272.8696044515
36030680101,404,3/29/2004,-1,0.00,14,-1,SH0116,AP67,,396,360,307,1159.1,2,7,3,6,363.818164,-4,14.5783762485
36030680101,404,3/29/2004,-1,0.00,14,-1,SH0117,AP68,,375,336,291,914.5,2,7,4,5,391.5187652,-56,3082.3332917486
36030680101,404,3/29/2004,-1,0.00,14,-1,SH0118,AP69,,454,416,355,2023.7,2,7,3,5,363.818164,52,2722.9440094570
36030680101,404,3/29/2004,-1,0.00,14,-1,SH0119,AP70,,346,312,268,701.3,2,7,4,6,391.5187652,-80,6323.2340223929
36030680101,404,3/29/2004,-1,0.00,14,-1,SH0120,AP71,,356,321,281,758.4,1,8,4,6,391.5187652,-71,4972.8962484013
36030680101,404,3/29/2004,-1,0.00,14,-1,SH0121,AP72,,375,337,288,874.3,1,8,5,6,408.9736734,-72,5180.2096574176
36030680101,404,3/29/2004,-1,0.00,14,-1,SH0122,AP73,,345,308,265,656.7,1,6,2,6,319.8578462,-12,140.6085168322
36030680101,404,3/29/2004,-1,0.00,14,-1,SH0123,AP74,,478,432,376,1903.1,1,7,3,5,363.818164,68,4648.7627618023
36030680101,404,3/29/2004,-1,0.00,14,-1,SH0124,AP75,,401,372,321,1248.1,2,7,4,4,391.5187652,-20,380.9821957821
36030680101,404,3/29/2004,-1,0.00,14,-1,SH0125,AP76,,418,375,325,1239.6,2,7,5,6,408.9736734,-34,1154.2104818012
36030680101,404,3/29/2004,-1,0.00,14,-1,SH0126,AP77,,402,361,308,973.1,1,7,4,5,391.5187652,-31,931.3950306607
36030680101,336,4/5/2004,2,0.50,10,24,SH0127,-1,,295,267,224,471.9,1,3,2,5,319.8578462,-53,2793.9519063707
36030680101,312,4/8/2004,-1,0.00,2,-1,SH0128,AP78,,445,403,349,1492.4,1,8,5,5,408.9736734,-6,35.6847734523
36030680101,342,4/19/2004,-1,0.00,14,-1,SH0129,AP79,,344,312,270,668.4,2,4,3,5,363.818164,-52,2685.1221192127
36030680101,342,4/19/2004,-1,0.00,14,-1,SH0130,AP80,,409,371,315,1305.1,1,4,3,5,363.818164,7,51.5787684859
36030680101,342,4/19/2004,-1,0.00,14,-1,SH0131,AP81,,334,300,252,639.9,1,4,1,5,250.0936731,50,2490.6414616281
36030680101,342,4/19/2004,-1,0.00,14,-1,SH0132,AP82,,496,452,390,1833.6,2,7,3,5,363.818164,88,7776.0362022339
36030680101,342,4/19/2004,-1,0.00,14,-1,SH0133,AP83,,403,376,322,1147.4,2,7,3,6,363.818164,12,148.3971285938
36030680101,342,4/19/2004,-1,0.00,14,-1,SH0134,AP84,,349,320,271,675.4,2,9,3,5,363.818164,-44,1920.0314953853
36030680101,143,4/22/2004,2,0.50,10,24,SH0135,-1,,321,296,250,642.7,2,8,3,6,363.818164,-68,4599.3033668674
36030680101,332,4/23/2004,1,0.50,10,24,SH0136,-1,,430,398,336,1418.9,2,2,3,6,363.818164,34,1168.3979130685
36030680101,404,5/7/2004,-1,0.00,14,-1,SH0137,AP85,,346,316,260,733.9,2,11,5,6,408.9736734,-93,8644.1039386793
36030680101,404,5/7/2004,-1,0.00,14,-1,SH0138,AP86,,397,360,304,1017.9,1,4,5,5,408.9736734,-49,2398.4206827024
36030680101,404,5/7/2004,-1,0.00,14,-1,SH0139,AP87,,411,373,317,1197.1,1,8,4,3,391.5187652,-19,342.9446653385
36030680101,404,5/7/2004,-1,0.00,14,-1,SH0140,AP88,,330,303,261,659.5,2,11,6,6,419.9724894,-117,13682.5632863273
36030680101,363,5/17/2004,2,0.50,10,24,SH0141,AP89,,294,269,225,405.4,2,11,1,1,250.0936731,19,357.4491957050
36030680101,405,5/21/2004,-1,0.00,14,-1,SH0142,-1,,410,371,311,1011.2,2,11,3,4,363.818164,7,51.5787684859
36030680101,405,5/21/2004,-1,0.00,14,-1,SH0143,-1,,367,330,285,815.5,2,11,3,5,363.818164,-34,1143.6682156011
36030680101,405,5/21/2004,-1,0.00,14,-1,SH0144,-1,,302,276,240,505.9,2,11,5,6,408.9736734,-133,17681.9978077491
36030680101,405,5/21/2004,-1,0.00,14,-1,SH0145,-1,,316,287,245,547.6,3,-1,3,4,363.818164,-77,5901.0303186732
36030680101,404,5/25/2004,-1,0.00,14,-1,SH0146,-1,,413,375,326,1260.9,1,11,5,4,408.9736734,-34,1154.2104818012
36030680101,404,5/27/2004,-1,0.00,14,-1,SH0147,-1,,346,315,267,685.2,2,11,3,5,363.818164,-49,2383.2131352774
36030680101,342,6/8/2004,-1,0.00,14,-1,SH0148,-1,,285,259,216,405.1,2,11,2,5,319.8578462,-61,3703.6774457929
36030680101,342,6/8/2004,-1,0.00,14,-1,SH0149,-1,,260,238,201,330.8,1,11,0,6,139.3792813,99,9726.0461518781
36030680101,342,6/8/2004,-1,0.00,14,-1,SH0150,-1,,265,240,201,329.6,3,-1,2,4,319.8578462,-80,6377.2756019206
36030680101,342,6/8/2004,-1,0.00,14,-1,SH0151,-1,,334,305,261,681.5,2,11,4,6,391.5187652,-87,7485.4967354975
36030680101,342,6/8/2004,-1,0.00,14,-1,SH0152,-1,,205,190,160,164.1,3,-1,1,3,250.0936731,-60,3611.2495502880
36030680101,342,6/8/2004,-1,0.00,14,-1,SH0153,-1,,416,375,327,1293.6,2,11,5,6,408.9736734,-34,1154.2104818012
36030680101,378,6/21/2004,-1,0.00,14,-1,SH0154,-1,,390,349,305,1153.9,2,11,4,4,391.5187652,-43,1807.8453959829
36030680101,309,6/29/2004,-1,0.00,14,-1,SH0155,AP90,,304,275,234,522.4,2,9,2,4,319.8578462,-45,2012.2263669486
36030680101,309,6/29/2004,-1,0.00,14,-1,SH0156,AP91,,412,378,325,1130.2,2,10,4,6,391.5187652,-14,182.7570131210
36030680101,309,7/14/2004,-1,0.00,14,-1,SH0157,AP92,,404,385,314,1220.7,2,11,3,3,363.818164,21,448.6701767880
36030680101,391,7/15/2004,-1,0.00,18,-1,SH0158,AP93,,365,330,281,747.6,2,11,4,6,391.5187652,-62,3784.5584744096
36030680101,391,7/15/2004,-1,0.00,18,-1,SH0159,AP94,,405,365,321,999.9,2,11,3,4,363.818164,1,1.3967363564
36030680101,437,7/30/2004,-1,0.00,14,-1,SH0160,AP95,,360,330,284,855.7,1,11,2,5,319.8578462,10,102.8632834212
36030680101,473,8/3/2004,-1,0.00,40,-1,SH0161,AP96,,392,353,304,959.1,1,11,2,6,319.8578462,33,1098.4023575825
36030680101,473,8/3/2004,-1,0.00,40,-1,SH0162,AP97,,462,418,360,1653.3,2,11,4,6,391.5187652,26,701.2557953804
36030680101,473,8/3/2004,-1,0.00,40,-1,SH0163,AP98,,413,376,328,1177.5,2,9,3,6,363.818164,12,148.3971285938
36030680101,473,8/3/2004,-1,0.00,40,-1,SH0164,AP99,,425,385,335,1315.1,2,9,3,5,363.818164,21,448.6701767880
36030680101,342,8/3/2004,-1,0.00,14,-1,SH0165,AP101,,281,256,218,403.0,2,9,11,5,436.8489391,-181,32706.3387626294
36030680101,363,8/9/2004,2,0.50,10,24,SH0166,AP102,,294,265,227,390.4,2,1,2,4,319.8578462,-55,3009.3832912263
36030680101,143,8/12/2004,2,0.50,10,24,SH0167,-1,,249,235,194,278.8,3,-1,1,5,250.0936731,-15,227.8189685635
36030680101,400,9/1/2004,-1,0.00,41,-1,SH0168,AP103,,340,308,261,696.0,2,11,5,3,408.9736734,-101,10195.6827124932
36030680101,342,9/10/2004,-1,0.00,14,-1,SH0169,AP104,,308,279,241,481.9,2,2,3,4,363.818164,-85,7194.1209425005
36030680101,342,9/10/2004,-1,0.00,14,-1,SH0170,AP105,,350,321,275,777.2,2,11,4,3,391.5187652,-71,4972.8962484013
36030680101,342,9/10/2004,-1,0.00,14,-1,SH0171,AP106,,388,354,306,1030.8,2,2,4,3,391.5187652,-38,1407.6577437653
36030680101,138,9/28/2004,1,0.50,10,24,SH0172,AP107,,234,213,180,230.0,2,2,1,4,250.0936731,-37,1375.9405862955
36030680101,309,9/30/2004,-1,0.00,14,-1,SH0173,AP108,,420,380,334,1243.7,2,2,4,5,391.5187652,-12,132.6819522340
36030680101,309,10/20/2004,-1,0.00,14,-1,SH0174,AP109,,325,299,255,602.9,2,2,2,4,319.8578462,-21,435.0497486821
36030680101,309,10/20/2004,-1,0.00,14,-1,SH0175,AP110,,385,349,300,982.7,1,2,4,4,391.5187652,-43,1807.8453959829
36030680101,309,10/20/2004,-1,0.00,14,-1,SH0176,AP111,,329,300,255,665.1,2,2,2,5,319.8578462,-20,394.3340562543
36030680101,342,10/21/2004,-1,0.00,14,-1,SH0177,AP112,,359,325,274,689.8,1,2,4,5,391.5187652,-67,4424.7461266272
36030680101,342,10/21/2004,-1,0.00,14,-1,SH0178,AP113,,400,374,321,1011.8,1,3,5,4,408.9736734,-35,1223.1578285279
36030680101,471,10/28/2004,-1,0.00,14,-1,SH0179,AP114,,368,328,282,858.1,2,3,5,5,408.9736734,-81,6556.7357779583
36030680101,309,10/29/2004,-1,0.00,14,-1,SH0180,AP115,,360,329,280,903.6,1,2,2,5,319.8578462,9,83.5789758490
36030680101,309,10/29/2004,-1,0.00,14,-1,SH0181,AP116,,272,247,212,367.1,1,1,1,6,250.0936731,-3,9.5708134370
36030680101,420,11/4/2004,1,0.50,10,24,SH0182,AP117,,263,238,201,300.4,2,1,2,5,319.8578462,-82,6700.7069867761
36030680101,309,11/29/2004,-1,0.00,14,-1,SH0183,AP118,,395,357,310,1026.6,1,3,3,6,363.818164,-7,46.4873601838
36030680101,309,11/29/2004,-1,0.00,14,-1,SH0184,AP119,,415,378,331,1273.5,1,3,3,6,363.818164,14,201.1244726369
36030680101,309,11/29/2004,-1,0.00,14,-1,SH0185,AP120,,386,350,302,1008.3,2,2,2,6,319.8578462,30,908.5494348658
36030680101,309,11/29/2004,-1,0.00,14,-1,SH0186,AP121,,410,371,325,1203.3,2,2,3,5,363.818164,7,51.5787684859
36030680101,309,11/29/2004,-1,0.00,14,-1,SH0187,AP122,,444,400,351,1336.1,2,3,4,6,391.5187652,8,71.9313433637
36030680101,309,11/29/2004,-1,0.00,14,-1,SH0188,AP123,,375,336,291,948.2,1,2,5,5,408.9736734,-73,5325.1570041443
36030680101,309,11/29/2004,-1,0.00,14,-1,SH0189,AP124,,405,368,312,1210.0,1,2,2,5,319.8578462,48,2317.6669711659
36030680101,309,11/29/2004,-1,0.00,14,-1,SH0190,AP125,,416,375,324,1235.7,1,2,2,6,319.8578462,55,3040.6571241715
36030680101,309,11/29/2004,-1,0.00,14,-1,SH0191,AP126,,411,370,323,1072.5,1,2,4,6,391.5187652,-22,463.0572566691
36030680101,309,11/29/2004,-1,0.00,14,-1,SH0192,AP127,,432,391,340,1453.7,2,3,4,5,391.5187652,-1,0.2691173553
36030680101,309,11/29/2004,-1,0.00,14,-1,SH0193,AP128,,425,389,336,1348.6,1,2,5,4,408.9736734,-20,398.9476276267
36030680101,309,12/3/2004,-1,0.00,14,-1,SH0194,AP129,,445,403,351,1336.8,2,2,3,,363.818164,39,1535.2162731764
36030680101,309,12/3/2004,-1,0.00,14,-1,SH0195,AP130,,494,440,381,2260.6,2,2,5,,408.9736734,31,962.6329445626
36030680101,309,12/3/2004,-1,0.00,14,-1,SH0196,AP131,,389,350,302,1014.5,2,2,3,,363.818164,-14,190.9416560327
36030680101,309,12/3/2004,-1,0.00,14,-1,SH0197,AP132,,445,406,354,1523.6,1,2,4,,391.5187652,14,209.7061607026
36030680101,309,12/3/2004,-1,0.00,14,-1,SH0198,AP133,,416,372,330,1259.2,1,2,4,,391.5187652,-20,380.9821957821
36030680101,309,12/3/2004,-1,0.00,14,-1,SH0199,AP134,,524,475,415,2205.6,1,2,5,,408.9736734,66,4359.4758091265
36030680101,342,12/6/2004,-1,0.00,14,-1,SH0200,AP135,,325,294,245,580.2,1,2,2,,319.8578462,-26,668.6282108209
36030680101,342,12/6/2004,-1,0.00,14,-1,SH0201,AP136,,395,360,311,1006.7,1,2,4,,391.5187652,-32,993.4325611042
36030680101,342,12/6/2004,-1,0.00,14,-1,SH0202,AP137,,472,415,364,1774.7,1,2,3,,363.818164,51,2619.5803374354
36030680101,342,12/6/2004,-1,0.00,14,-1,SH0203,AP138,,424,385,330,1244.4,1,2,4,,391.5187652,-7,42.4943000164
36030680101,342,12/6/2004,-1,0.00,14,-1,SH0204,AP139,,355,330,285,914.4,2,2,2,,319.8578462,10,102.8632834212
36030680101,342,12/6/2004,-1,0.00,14,-1,SH0205,AP140,,260,235,200,316.4,1,1,1,,250.0936731,-15,227.8189685635
36030680101,342,12/6/2004,-1,0.00,14,-1,SH0206,AP141,,295,270,231,404.7,1,2,3,,363.818164,-94,8801.8478943063
36030680101,363,12/15/2004,1,0.50,10,23,SH0207,AP142,,416,381,330,1213.9,2,3,4,,391.5187652,-11,110.6444217904
36030680101,363,12/15/2004,1,0.50,10,23,SH0208,AP143,,461,410,360,1678.2,2,3,4,,391.5187652,18,341.5560389285
36030680101,143,1/11/2005,1,0.50,10,20,SH0209,-1,,423,423,334,1434.7,2,-1,4,,391.5187652,31,991.0681431629
36030680101,332,2/14/2005,2,0.50,10,20,SH0210,AP144,,525,468,412,2613.4,1,9,6,,419.9724894,48,2306.6417703707
36030680101,332,2/14/2005,2,0.50,10,21,SH0211,AP145,,555,509,446,2983.8,1,9,11,,436.8489391,72,5205.7755933705
36030680101,420,2/16/2005,1,0.50,10,22,SH0212,AP146,,374,332,295,873.9,2,3,4,,391.5187652,-60,3542.4834135226
36030680101,420,2/16/2005,1,0.50,10,23,SH0213,AP147,,275,246,212,376.0,2,3,2,,319.8578462,-74,5454.9814473539
36030680101,420,2/16/2005,1,0.50,10,24,SH0214,AP148,,232,211,180,215.3,3,-1,1,,250.0936731,-39,1528.3152788166
36030680101,420,2/16/2005,2,0.50,10,24,SH0215,AP149,,414,375,324,1193.1,1,3,6,,419.9724894,-45,2022.5248066372
36030680101,420,2/16/2005,2,0.50,10,24,SH0216,AP150,,221,200,171,183.3,3,-1,1,,250.0936731,-50,2509.3760876826
36030680101,143,2/22/2005,1,0.50,10,24,SH0217,AP151,,284,259,220,372.4,1,3,2,,319.8578462,-61,3703.6774457929
36030680101,138,2/22/2005,2,0.50,10,21,SH0218,AP152,,385,350,303,924.2,1,2,4,,391.5187652,-42,1723.8078655394
36030680101,309,3/18/2005,-1,0.00,14,-1,SH0219,AP153,,367,334,286,902.6,1,3,2,,319.8578462,14,200.0005137101
36030680101,138,3/24/2005,2,0.50,10,22,SH0220,AP154,,355,320,274,705.1,1,3,2,,319.8578462,0,0.0202076989
36030680101,485,4/16/2005,-1,0.00,14,-1,SH0221,AP155,,558,518,450,-1.0,2,6,5,,408.9736734,109,11886.7398998764
36030680101,485,4/16/2005,-1,0.00,14,-1,SH0222,AP156,,555,515,453,-1.0,2,7,5,,408.9736734,106,11241.5819400566
36030680101,485,4/16/2005,-1,0.00,14,-1,SH0223,AP157,,522,478,416,-1.0,2,6,4,,391.5187652,86,7479.0039687696
36030680101,485,4/16/2005,-1,0.00,14,-1,SH0224,AP158,,549,501,443,-1.0,2,7,5,,408.9736734,92,8468.8447942311
36030680101,485,4/16/2005,-1,0.00,14,-1,SH0225,AP159,,515,473,418,-1.0,2,7,4,,391.5187652,81,6639.1916209872
36030680101,482,4/20/2005,-1,0.00,14,-1,SH0226,AP160,,501,455,394,1860.4,2,9,4,,391.5187652,63,4029.8671689704
36030680101,482,4/20/2005,-1,0.00,14,-1,SH0227,AP161,,373,340,294,875.7,1,8,4,,391.5187652,-52,2654.1831699745
36030680101,483,4/21/2005,-1,0.00,14,-1,SH0228,AP162,,560,509,455,2746.4,1,7,5,,408.9736734,100,10005.2660204171
36030680101,483,4/21/2005,-1,0.00,14,-1,SH0229,AP163,,514,458,396,2066.1,1,9,5,,408.9736734,49,2403.5807034812
36030680101,406,4/22/2005,-1,0.00,2,-1,SH0230,AP164,,529,485,420,2342.4,2,6,5,,408.9736734,76,5780.0023418590
36030680101,143,4/28/2005,2,0.50,10,24,SH0231,AP165,,425,391,330,1195.1,1,8,4,,391.5187652,-1,0.2691173553
36030680101,143,5/16/2005,1,0.50,10,24,SH0232,AP166,,405,370,318,1086.1,1,11,4,,391.5187652,-22,463.0572566691
36030680101,342,6/23/2005,-1,0.00,14,-1,SH0233,AP167,,295,274,236,447.4,2,11,2,,319.8578462,-46,2102.9420593764
36030680101,342,6/23/2005,-1,0.00,14,-1,SH0234,AP168,,376,340,292,931.6,2,9,3,,363.818164,-24,567.3049358169
36030680101,342,6/23/2005,-1,0.00,14,-1,SH0235,AP169,,434,390,342,1289.1,2,10,8,,431.270341,-41,1703.2410423154
36030680101,412,6/28/2005,-1,0.00,21,-1,SH0236,AP170,,276,255,214,381.2,3,-1,2,,319.8578462,-65,4206.5402155040
36030680101,309,6/30/2005,-1,0.00,14,-1,SH0237,AP171,,391,353,303,1074.3,2,9,6,,419.9724894,-67,4485.3143420980
36030680101,309,6/30/2005,-1,0.00,14,-1,SH0238,AP172,,427,388,338,1317.4,1,9,2,,319.8578462,68,4643.3531226105
36030680101,309,6/30/2005,-1,0.00,14,-1,SH0239,AP173,,439,396,345,1651.8,2,9,4,,391.5187652,4,20.0814651377
36030680101,309,6/30/2005,-1,0.00,14,-1,SH0240,AP174,,388,349,307,1046.3,2,9,4,,391.5187652,-43,1807.8453959829
36030680101,309,6/30/2005,-1,0.00,14,-1,SH0241,AP175,,421,377,329,1315.3,2,9,2,,319.8578462,57,3265.2257393160
36030680101,393,7/3/2005,-1,0.00,17,-1,SH0242,AP176,,522,475,417,2416.3,2,9,10,,435.7562721,39,1540.0701767560
36030680101,393,7/3/2005,-1,0.00,17,-1,SH0243,AP177,,503,457,396,2167.3,2,9,5,,408.9736734,48,2306.5280502080
36030680101,482,7/22/2005,-1,0.00,14,-1,SH0244,AP178,,416,378,325,1217.7,3,11,8,,431.270341,-53,2837.7292251695
36030680101,216,7/27/2005,-1,0.00,21,-1,SH0245,AP179,,94,81,54,131.3,1,1,1,,250.0936731,-169,28592.6702926873
36030680101,216,7/27/2005,-1,0.00,21,-1,SH0246,AP180,,86,71,46,120.4,2,1,1,,250.0936731,-179,32074.5437552928
36030680101,409,7/29/2005,-1,0.00,14,-1,SH0247,AP181,,354,319,274,794.1,2,1,4,,391.5187652,-73,5258.9713092883
36030680101,342,8/12/2005,-1,0.00,14,-1,SH0248,AP182,-1,310,280,240,481.3,2,9,3,,363.818164,-84,7025.4846145221
36030680101,485,8/12/2005,-1,0.00,14,-1,SH0249,AP183,-1,278,250,216,337.7,2,9,2,,319.8578462,-70,4880.1186776428
36030680101,483,8/19/2005,-1,0.00,14,-1,SH0250,AP184,-1,352,315,272,694.3,2,2,5,,408.9736734,-94,8831.0512854060
36030680101,483,8/19/2005,-1,0.00,14,-1,SH0251,AP185,-1,456,402,349,1362.8,2,2,12,,437.5374585,-36,1262.9109535531
36030680101,427,10/13/2005,-1,0.50,10,24,SH0252,-1,,353,322,276,800.0,-1,-1,5,,408.9736734,-87,7564.4198583188
36030680101,332,10/14/2005,-1,1.00,13,27,SH0253,AP186,,444,398,344,1481.0,2,3,5,,408.9736734,-11,120.4215070860
36030680101,400,10/27/2005,-1,0.00,21,-1,SH0254,AP187,,382,348,304,864.8,1,6,3,,363.818164,-16,250.2143119895
36030680101,309,10/27/2005,-1,0.00,14,-1,SH0255,AP188,,388,352,302,1037.3,2,4,2,,319.8578462,32,1033.1180500103
36030680101,309,10/27/2005,-1,0.00,14,-1,SH0256,AP189,,398,362,313,1140.5,2,3,2,,319.8578462,42,1775.9611257326
36030680101,309,10/27/2005,-1,0.00,14,-1,SH0257,AP190,,448,410,354,1728.0,2,4,6,,419.9724894,-10,99.4505456766
36030680101,309,10/27/2005,-1,0.00,14,-1,SH0258,AP191,,417,373,320,1423.8,1,6,2,,319.8578462,53,2824.0885090271
36030680101,309,10/27/2005,-1,0.00,14,-1,SH0259,AP192,,345,312,269,742.5,1,4,2,,319.8578462,-8,61.7457471211
36030680101,309,10/31/2005,-1,0.00,14,-1,SH0260,AP193,,451,410,354,1533.4,1,2,6,,419.9724894,-10,99.4505456766
36030680101,309,10/31/2005,-1,0.00,14,-1,SH0261,AP194,,434,400,341,1617.8,2,5,4,,391.5187652,8,71.9313433637
36030680101,309,10/31/2005,-1,0.00,14,-1,SH0262,AP195,,357,321,275,910.9,1,2,2,,319.8578462,1,1.3045152711
36030680101,309,10/31/2005,-1,0.00,14,-1,SH0263,AP196,,550,500,434,2510.8,1,2,6,,419.9724894,80,6404.4024460639
36030680101,332,11/29/2005,2,0.50,10,24,SH0264,AP197,-1,470,420,365,1573.8,2,2,5,,408.9736734,11,121.5798790976
36030680101,309,11/30/2005,-1,0.00,14,-1,SH0265,AP198,-1,365,332,284,1024.5,2,2,2,,319.8578462,12,147.4318985657
36030680101,309,11/30/2005,-1,0.00,14,-1,SH0266,AP199,-1,404,362,313,1261.2,2,2,3,,363.818164,-2,3.3057202917
36030680101,309,11/30/2005,-1,0.00,14,-1,SH0267,AP200,-1,480,446,375,2289.4,2,2,9,,434.0222309,12,143.4669534018
36030680101,309,11/30/2005,-1,0.00,14,-1,SH0268,AP201,-1,465,421,362,1709.4,1,2,6,,419.9724894,1,1.0557779462
36030680101,309,11/30/2005,-1,0.00,14,-1,SH0269,AP202,-1,374,340,292,892.3,2,2,2,,319.8578462,20,405.7063591435
36030680101,309,11/30/2005,-1,0.00,14,-1,SH0270,AP203,-1,528,480,422,2598.4,1,2,6,,419.9724894,60,3603.3020237556
36030680101,309,11/30/2005,-1,0.00,14,-1,SH0271,AP204,-1,361,329,288,849.0,2,2,2,,319.8578462,9,83.5789758490
36030680101,309,11/30/2005,-1,0.00,14,-1,SH0272,AP205,-1,385,352,310,1131.8,2,2,2,,319.8578462,32,1033.1180500103
36030680101,420,12/6/2005,1,0.50,10,20,SH0273,AP206,-1,446,401,349,1329.1,2,2,3,,363.818164,37,1382.4889291333
36030680101,332,12/7/2005,1,0.50,10,20,SH0274,AP207,-1,458,414,360,1825.1,2,2,4,,391.5187652,22,505.4059171545
36030680101,143,12/12/2005,2,0.50,10,23,SH0275,AP208,-1,335,301,262,625.4,2,2,2,,319.8578462,-19,355.6183638265
36030680101,363,12/13/2005,2,0.50,10,20,SH0276,AP209,-1,477,439,378,1894.9,1,2,5,,408.9736734,30,901.5802912894
36030680101,363,12/13/2005,2,0.50,10,20,SH0277,AP210,-1,430,385,334,1342.8,1,2,5,,408.9736734,-24,574.7370145337
36030680101,305,12/20/2005,-1,0.00,14,-1,SH0278,AP211,-1,483,446,405,2361.8,1,3,5,,408.9736734,37,1370.9488642022
36030680101,305,12/20/2005,-1,0.00,14,-1,SH0279,AP212,-1,441,404,356,1413.3,1,2,6,,419.9724894,-16,255.1204189842
36030680101,305,12/20/2005,-1,0.00,14,-1,SH0280,AP213,-1,461,416,376,1678.0,2,4,6,,419.9724894,-4,15.7806723691
36030680101,305,12/20/2005,-1,0.00,14,-1,SH0281,AP214,-1,542,491,448,2650.7,1,2,3,,363.818164,127,16175.2194110755
36030680101,305,12/20/2005,-1,0.00,14,-1,SH0282,AP215,-1,446,406,360,1334.8,1,2,6,,419.9724894,-14,195.2304612150
36030680101,342,1/9/2006,-1,0.00,14,-1,SH0283,AP216,-1,436,395,344,1321.9,2,3,4,6,391.5187652,3,12.1189955813
36030680101,305,1/25/2006,-1,0.00,14,-1,SH0284,AP217,-1,510,455,407,2259.9,1,2,6,6,419.9724894,35,1226.9264958703
36030680101,305,1/25/2006,-1,0.00,14,-1,SH0285,AP218,-1,301,279,238,528.3,2,3,1,6,250.0936731,29,835.5757330996
36030680101,305,1/25/2006,-1,0.00,14,-1,SH0286,AP219,-1,452,407,355,1583.3,1,2,5,6,408.9736734,-2,3.8953865453
36030680101,305,1/25/2006,-1,0.00,14,-1,SH0287,AP220,-1,431,382,333,1525.2,2,2,3,5,363.818164,18,330.5791607233
36030680101,363,2/14/2006,2,0.50,10,20,SH0288,AP221,-1,350,319,275,818.0,1,3,2,5,319.8578462,-1,0.7359001267
36030680101,309,3/23/2006,-1,0.00,14,-1,SH0289,AP222,-1,380,347,301,1064.2,1,8,2,6,319.8578462,27,736.6965121491
36030680101,436,3/27/2006,-1,0.00,18,-1,SH0290,AP223,-1,395,358,320,1078.3,2,7,5,6,408.9736734,-51,2598.3153761559
36030680101,436,3/27/2006,-1,0.00,18,-1,SH0291,AP224,-1,433,387,347,1557.6,2,6,5,6,408.9736734,-22,482.8423210802
36030680101,436,3/27/2006,-1,0.00,18,-1,SH0292,AP225,-1,348,311,281,774.1,2,6,3,6,363.818164,-53,2789.7584471911
36030680101,436,3/27/2006,-1,0.00,18,-1,SH0293,AP226,-1,371,334,302,903.6,1,8,5,6,408.9736734,-75,5621.0516975978
36030680101,436,3/27/2006,-1,0.00,18,-1,SH0294,AP227,-1,342,305,277,668.5,1,7,3,6,363.818164,-59,3459.5764150616
36030680101,436,3/27/2006,-1,0.00,18,-1,SH0295,AP228,-1,325,295,261,600.5,1,8,3,6,363.818164,-69,4735.9396948458
36030680101,436,3/27/2006,-1,0.00,18,-1,SH0296,AP229,-1,445,396,360,1450.9,1,8,6,6,419.9724894,-24,574.6802500608
36030680101,436,3/27/2006,-1,0.00,18,-1,SH0297,AP230,-1,391,351,313,1087.2,2,6,3,3,363.818164,-13,164.3053280543
36030680101,436,3/27/2006,-1,0.00,18,-1,SH0298,AP231,-1,414,384,340,1310.9,2,7,3,5,363.818164,20,407.3065047664
36030680101,436,3/27/2006,-1,0.00,18,-1,SH0299,AP232,-1,471,436,389,1907.9,2,8,6,6,419.9724894,16,256.8810946774
36030680101,471,3/29/2006,-1,0.00,14,-1,SH0300,AP233,-1,365,327,284,884.1,1,6,4,6,391.5187652,-65,4162.6710657402
36030680101,471,3/29/2006,-1,0.00,14,-1,SH0301,AP234,-1,445,410,363,1718.2,2,7,6,6,419.9724894,-10,99.4505456766
36030680101,471,3/29/2006,-1,0.00,14,-1,SH0302,AP235,-1,480,438,390,1938.9,1,8,6,6,419.9724894,18,324.9911369082
36030680101,471,3/29/2006,-1,0.00,14,-1,SH0303,AP236,-1,472,430,381,1998.7,2,7,6,6,419.9724894,10,100.5509679849
36030680101,471,3/29/2006,-1,0.00,14,-1,SH0304,AP237,-1,402,366,315,1173.1,2,7,5,6,408.9736734,-43,1846.7366023419
36030680101,471,3/29/2006,-1,0.00,14,-1,SH0305,AP238,-1,395,356,310,1236.4,2,7,4,6,391.5187652,-36,1261.5826828783
36030680101,473,3/29/2006,-1,0.00,14,-1,SH0306,AP239,-1,495,442,381,2087.3,1,8,8,6,431.270341,11,115.1255832809
36030680101,473,3/29/2006,-1,0.00,14,-1,SH0307,AP240,-1,487,440,387,1750.0,1,8,9,6,434.0222309,6,35.7337238066
36030680101,473,3/29/2006,-1,0.00,14,-1,SH0308,AP241,-1,590,530,471,3960.0,2,7,9,6,434.0222309,96,9211.7321677344
36030680101,473,3/29/2006,-1,0.00,14,-1,SH0309,AP242,-1,600,567,504,4600.0,2,7,7,6,426.9031449,140,19627.1287966715
36030680101,473,3/29/2006,-1,0.00,14,-1,SH0310,AP243,-1,485,456,381,1814.3,1,8,6,6,419.9724894,36,1297.9815169857
36030680101,473,3/29/2006,-1,0.00,14,-1,SH0311,AP244,-1,522,475,414,2538.1,1,7,6,6,419.9724894,55,3028.0269181786
36030680101,309,4/3/2006,-1,0.00,14,-1,SH0312,AP245,-1,446,401,350,1514.1,1,8,4,5,391.5187652,9,89.8938129202
36030680101,309,4/3/2006,-1,0.00,14,-1,SH0313,AP246,-1,441,402,351,1665.8,2,6,6,6,419.9724894,-18,323.0103767533
36030680101,309,4/3/2006,-1,0.00,14,-1,SH0314,AP247,-1,440,395,345,1578.3,1,8,3,5,363.818164,31,972.3068970038
36030680101,309,4/3/2006,-1,0.00,14,-1,SH0315,AP248,-1,424,384,337,1539.7,2,4,3,5,363.818164,20,407.3065047664
36030680101,342,4/5/2006,-1,0.00,14,-1,SH0316,AP249,-1,518,473,416,2490.1,2,7,5,5,408.9736734,64,4099.3705025800
36030680101,309,4/13/2006,-1,0.00,14,-1,SH0317,AP250,-1,427,384,327,1255.5,1,8,5,5,408.9736734,-25,623.6843612605
36030680101,309,4/13/2006,-1,0.00,14,-1,SH0318,AP251,-1,443,403,347,1526.0,1,11,4,6,391.5187652,11,131.8187520331
36030680101,309,4/13/2006,-1,0.00,14,-1,SH0319,AP252,-1,415,373,326,1291.5,2,3,2,6,319.8578462,53,2824.0885090271
36030680101,309,4/13/2006,-1,0.00,14,-1,SH0320,AP253,-1,414,373,323,1251.7,2,6,3,4,363.818164,9,84.3061125290
36030680101,309,4/27/2006,-1,0.00,14,-1,SH0321,AP254,-1,421,380,332,1277.7,2,11,5,6,408.9736734,-29,839.4737481675
36030680101,309,4/27/2006,-1,0.00,14,-1,SH0322,AP255,-1,454,407,350,1602.3,2,9,3,5,363.818164,43,1864.6709612628
36030680101,309,4/27/2006,-1,0.00,14,-1,SH0323,AP256,-1,411,368,322,1341.9,2,10,2,5,319.8578462,48,2317.6669711659
36030680101,309,5/12/2006,-1,0.00,14,-1,SH0324,AP257,-1,404,362,313,1134.2,2,9,2,6,319.8578462,42,1775.9611257326
36030680101,309,5/12/2006,-1,0.00,14,-1,SH0325,AP258,-1,383,345,299,1025.2,2,9,3,6,363.818164,-19,354.1232959248
36030680101,309,5/30/2006,-1,0.00,14,-1,SH0326,AP259,-1,430,388,337,1610.8,1,11,3,5,363.818164,24,584.7611928527
36030680101,309,5/30/2006,-1,0.00,14,-1,SH0327,AP260,-1,371,333,283,918.6,1,11,3,4,363.818164,-31,949.7592316658
36030680101,309,5/30/2006,-1,0.00,14,-1,SH0328,AP261,-1,415,374,319,1265.0,1,11,3,4,363.818164,10,103.6697845506
36030680101,309,5/30/2006,-1,0.00,14,-1,SH0329,AP262,-1,367,333,283,996.9,2,9,3,4,363.818164,-31,949.7592316658
36030680101,309,5/30/2006,-1,0.00,14,-1,SH0330,AP263,-1,412,371,319,1355.5,2,9,3,1,363.818164,7,51.5787684859
36030680101,309,8/17/2006,-1,0.00,14,-1,SH0331,AP264,-1,440,410,354,1549.9,1,11,3,5,363.818164,46,2132.7619773275
36030680101,361,9/6/2006,-1,0.00,2,-1,SH0332,AP265,-1,401,358,306,1063.9,2,11,4,4,391.5187652,-34,1123.5076219913
36030680101,310,9/21/2006,-1,0.00,14,-1,SH0333,AP266,-1,423,383,332,1300.0,1,11,3,4,363.818164,19,367.9428327448
36030680101,438,10/2/2006,-1,1.00,10,27,SH0334,AP267,-1,356,322,278,810.5,2,2,3,4,363.818164,-42,1748.7588394285
36030680101,438,10/2/2006,-1,1.00,10,27,SH0335,AP268,-1,380,344,299,950.5,2,2,5,4,408.9736734,-65,4221.5782303303
36030680101,359,10/6/2006,-1,0.00,14,-1,SH0336,-1,-1,479,432,378,1946.5,1,11,7,6,426.9031449,5,25.9779314651
36030680101,310,11/28/2006,-1,0.00,14,-1,SH0337,AP269,-1,323,288,254,608.9,2,3,1,6,250.0936731,38,1436.8896167547
36030680101,309,12/15/2006,-1,0.00,14,-1,SH0338,-1,,513,466,411,2280.0,1,2,5,,408.9736734,57,3252.0019296672
36030680101,309,12/15/2006,-1,0.00,14,-1,SH0339,AP270,,498,448,392,2340.0,1,3,3,,363.818164,84,7086.5815141475
36030680101,309,12/15/2006,-1,0.00,14,-1,SH0340,AP271,,433,390,341,1500.0,2,5,3,,363.818164,26,685.4885368959
36030680101,309,12/15/2006,-1,0.00,14,-1,SH0341,-1,,442,400,348,1580.0,1,2,3,,363.818164,36,1309.1252571117
36030680101,309,12/15/2006,-1,0.00,14,-1,SH0342,AP272,,474,425,372,1760.0,1,3,3,,363.818164,61,3743.2170576512
36030680101,309,12/15/2006,-1,0.00,14,-1,SH0343,-1,,466,422,367,2000.0,2,4,4,,391.5187652,30,929.1056736064
36030680101,309,12/15/2006,-1,0.00,14,-1,SH0344,-1,,437,396,347,1540.0,2,4,3,,363.818164,32,1035.6705690254
36030680101,309,12/15/2006,-1,0.00,14,-1,SH0345,-1,,440,400,348,1540.0,1,2,3,,363.818164,36,1309.1252571117
36030680101,309,12/15/2006,-1,0.00,14,-1,SH0346,AP273,,452,412,358,1680.0,2,4,3,,363.818164,48,2321.4893213707
36030680101,309,12/15/2006,-1,0.00,14,-1,SH0347,-1,,448,418,364,1500.0,1,3,6,,419.9724894,-2,3.8907146000
36030680101,305,2/8/2007,-1,0.00,14,-1,SH0348,AP274,,454,403,357,1660.0,1,2,4,,391.5187652,11,131.8187520331
36030680101,305,2/8/2007,-1,0.00,14,-1,SH0349,AP275,,472,424,372,1960.0,2,3,3,,363.818164,60,3621.8533856296
36030680101,143,2/22/2007,1,0.50,10,24,SH0350,AP276,,532,489,423,2575.7,2,3,5,,408.9736734,80,6404.2129549521
36030680101,143,2/22/2007,2,0.50,10,21,SH0351,AP277,,482,439,375,1847.6,1,3,6,,419.9724894,19,362.0461580237
36030680101,404,2/22/2007,-1,0.00,14,-1,SH0352,AP278,,391,347,300,1010.7,1,4,6,,419.9724894,-73,5324.9842154056
36030680101,404,2/22/2007,-1,0.00,14,-1,SH0353,AP279,,355,318,270,735.3,2,3,2,,319.8578462,-2,3.4515925544
36030680101,303,2/28/2007,-1,0.00,14,-1,SH0354,AP280,,379,342,296,1018.8,1,2,1,,250.0936731,92,8446.7729186853
36030680101,303,2/28/2007,-1,0.00,14,-1,SH0355,AP281,,443,409,355,1582.5,1,2,3,,363.818164,45,2041.3983053059
36030680101,303,2/28/2007,-1,0.00,14,-1,SH0356,AP282,,495,450,385,2236.4,1,8,6,,419.9724894,30,901.6513902932
36030680101,303,2/28/2007,-1,0.00,14,-1,SH0357,AP283,,404,374,317,1382.1,2,3,3,,363.818164,10,103.6697845506
36030680101,303,2/28/2007,-1,0.00,14,-1,SH0358,AP284,,404,368,315,1186.4,2,2,2,,319.8578462,48,2317.6669711659
36030680101,205,3/7/2007,1,0.50,10,23,SH0359,AP285,,552,496,435,3422.8,1,8,6,,419.9724894,76,5780.1823616023
36030680101,305,3/7/2007,-1,0.00,14,-1,SH0360,AP286,,437,395,343,1595.2,2,3,3,,363.818164,31,972.3068970038
36030680101,305,3/7/2007,-1,0.00,14,-1,SH0361,AP287,,394,358,313,1203.9,2,4,3,,363.818164,-6,33.8510322053
36030680101,305,3/7/2007,-1,0.00,14,-1,SH0362,AP288,,437,394,345,1628.3,2,4,3,,363.818164,30,910.9432249822
36030680101,305,3/7/2007,-1,0.00,14,-1,SH0363,AP289,,411,371,324,1251.4,1,4,3,,363.818164,7,51.5787684859
36030680101,305,3/7/2007,-1,0.00,14,-1,SH0364,AP290,,495,451,393,2423.0,1,4,4,,391.5187652,59,3538.0172907445
36030680101,305,3/7/2007,-1,0.00,14,-1,SH0365,AP291,,563,506,448,3680.0,1,8,7,,426.9031449,79,6256.3124798005
36030680101,305,3/7/2007,-1,0.00,14,-1,SH0366,AP292,,537,491,432,3080.0,2,5,7,,426.9031449,64,4108.4068281109
36030680101,305,3/7/2007,-1,0.00,14,-1,SH0367,AP293,,455,409,357,1732.6,2,3,3,,363.818164,45,2041.3983053059
36030680101,305,3/7/2007,-1,0.00,14,-1,SH0368,AP294,,332,306,259,782.5,2,2,1,,250.0936731,56,3125.5173840649
36030680101,305,3/22/2007,-1,0.00,14,-1,SH0369,AP295,,401,361,312,1148.1,2,2,2,,319.8578462,41,1692.6768181603
36030680101,342,3/26/2007,-1,0.00,14,-1,SH0370,AP296,,325,294,254,603.5,1,3,3,,363.818164,-70,4874.5760228242
36030680101,342,3/26/2007,-1,0.00,14,-1,SH0371,AP297,,397,360,310,1099.3,2,7,3,,363.818164,-4,14.5783762485
36030680101,342,3/26/2007,-1,0.00,14,-1,SH0372,AP298,,440,399,347,1701.6,2,7,2,,319.8578462,79,6263.4805059050
36030680101,342,3/26/2007,-1,0.00,14,-1,SH0373,AP299,,510,465,410,2708.2,2,7,6,,419.9724894,45,2027.4767070244
36030680101,342,3/26/2007,-1,0.00,14,-1,SH0374,AP300,,482,439,385,2098.9,2,7,4,,391.5187652,47,2254.4676560667
36030680101,342,3/26/2007,-1,0.00,14,-1,SH0375,AP301,,401,369,321,1281.1,2,7,3,,363.818164,5,26.8514244427
36030680101,342,3/26/2007,-1,0.00,14,-1,SH0376,AP302,,476,435,374,1910.3,2,8,6,,419.9724894,15,225.8260735620
36030680101,342,3/26/2007,-1,0.00,14,-1,SH0377,AP303,,422,389,340,1407.1,2,7,4,,391.5187652,-3,6.3441782423
36030680101,342,3/26/2007,-1,0.00,14,-1,SH0378,AP304,,425,388,334,1369.7,2,8,3,,363.818164,24,584.7611928527
36030680101,342,3/26/2007,-1,0.00,14,-1,SH0379,AP305,,446,406,353,1818.7,1,7,4,,391.5187652,14,209.7061607026
36030680101,342,3/26/2007,-1,0.00,14,-1,SH0380,AP306,,469,428,375,1694.1,1,8,3,,363.818164,64,4119.3080737159
36030680101,342,3/26/2007,-1,0.00,14,-1,SH0381,AP307,,404,364,313,1235.3,1,8,3,,363.818164,0,0.0330643348
36030680101,303,3/29/2007,-1,0.00,14,-1,SH0382,AP308,,285,260,225,460.9,2,2,1,,250.0936731,10,98.1353120499
36030680101,303,3/29/2007,-1,0.00,14,-1,SH0383,AP309,,286,258,224,460.2,1,2,1,,250.0936731,8,62.5100045710
36030680101,303,3/29/2007,-1,0.00,14,-1,SH0384,AP310,,320,290,254,666.4,2,2,1,,250.0936731,40,1592.5149242336
36030680101,303,3/29/2007,-1,0.00,14,-1,SH0385,AP311,,408,370,327,1332.3,2,3,2,,319.8578462,50,2514.2355863104
36030680101,303,3/29/2007,-1,0.00,14,-1,SH0386,AP312,,388,350,309,1163.5,2,2,2,,319.8578462,30,908.5494348658
36030680101,303,3/29/2007,-1,0.00,14,-1,SH0387,AP313,,448,411,355,1851.0,1,6,3,,363.818164,47,2226.1256493491
36030680101,303,3/29/2007,-1,0.00,14,-1,SH0388,AP314,,441,399,347,1602.4,2,4,3,,363.818164,35,1237.7615850901
36030680101,303,3/29/2007,-1,0.00,14,-1,SH0389,AP315,,206,190,161,174.8,2,1,1,,250.0936731,-60,3611.2495502880
36030680101,406,4/2/2007,-1,0.00,14,-1,SH0390,AP316,,445,401,350,1732.1,2,7,5,,408.9736734,-8,63.5794669058
36030680101,406,4/2/2007,-1,0.00,14,-1,SH0391,AP317,,445,405,353,1455.7,2,6,6,,419.9724894,-15,224.1754400996
36030680101,406,4/2/2007,-1,0.00,14,-1,SH0392,AP318,,464,416,360,1549.3,2,7,7,,426.9031449,-11,118.8785696629
36030680101,406,4/2/2007,-1,0.00,14,-1,SH0393,AP319,,446,410,360,1554.1,2,7,5,,408.9736734,1,1.0533463650
36030680101,406,4/2/2007,-1,0.00,14,-1,SH0394,AP320,,407,370,326,1140.6,1,5,3,,363.818164,6,38.2150964643
36030680101,406,4/2/2007,-1,0.00,14,-1,SH0395,AP321,,485,450,391,2315.7,2,7,7,,426.9031449,23,533.4647134927
36030680101,406,4/2/2007,-1,0.00,14,-1,SH0396,AP322,,398,360,308,1164.4,2,6,4,,391.5187652,-32,993.4325611042
36030680101,475,4/3/2007,-1,0.00,14,-1,SH0397,AP323,,455,415,360,1484.1,2,7,7,,426.9031449,-12,141.6848595503
36030680101,475,4/3/2007,-1,0.00,14,-1,SH0398,AP324,,410,375,325,1047.4,2,7,4,,391.5187652,-17,272.8696044515
36030680101,474,4/3/2007,-1,0.00,14,-1,SH0399,AP325,,421,379,330,1277.2,2,7,4,,391.5187652,-13,156.7194826775
36030680101,474,4/3/2007,-1,0.00,14,-1,SH0400,AP326,,406,367,315,1151.7,2,7,3,,363.818164,3,10.1240803996
36030680101,474,4/3/2007,-1,0.00,14,-1,SH0401,AP327,,374,339,295,878.9,2,7,3,,363.818164,-25,615.9412637953
36030680101,474,4/3/2007,-1,0.00,14,-1,SH0402,AP328,,366,328,281,813.8,2,7,4,,391.5187652,-64,4034.6335352967
36030680101,474,4/3/2007,-1,0.00,14,-1,SH0403,AP329,,390,351,305,1082.5,2,7,3,,363.818164,-13,164.3053280543
36030680101,474,4/3/2007,-1,0.00,14,-1,SH0404,AP330,,430,386,340,1265.2,2,8,6,,419.9724894,-34,1154.1300389067
36030680101,384,4/16/2007,-1,0.00,14,-1,SH0405,AP331,,503,455,394,2321.2,1,6,5,,408.9736734,46,2118.4227436614
36030680101,384,4/16/2007,-1,0.00,14,-1,SH0406,AP332,,501,453,395,2078.1,2,9,7,,426.9031449,26,681.0458438306
36030680101,384,4/16/2007,-1,0.00,14,-1,SH0407,AP333,,479,435,387,1810.6,1,6,4,,391.5187652,43,1890.6177778407
36030680101,384,4/16/2007,-1,0.00,14,-1,SH0408,AP334,,442,399,345,1436.1,1,6,4,,391.5187652,7,55.9688738072
36030680101,384,4/16/2007,-1,0.00,14,-1,SH0409,AP335,,454,402,370,1621.2,1,9,3,,363.818164,38,1457.8526011549
36030680101,384,4/16/2007,-1,0.00,14,-1,SH0410,AP336,,480,440,379,2029.0,2,9,4,,391.5187652,48,2350.4301256231
36030680101,384,4/16/2007,-1,0.00,14,-1,SH0411,AP337,,450,399,358,1847.2,1,6,3,,363.818164,35,1237.7615850901
36030680101,384,4/16/2007,-1,0.00,14,-1,SH0412,AP338,,484,435,376,2024.4,1,6,4,,391.5187652,43,1890.6177778407
36030680101,345,4/17/2007,-1,0.00,14,-1,SH0413,AP339,,448,409,351,1639.9,2,7,3,,363.818164,45,2041.3983053059
36030680101,345,4/17/2007,-1,0.00,14,-1,SH0414,AP340,,543,499,438,2888.3,2,8,6,,419.9724894,79,6245.3474249485
36030680101,345,4/17/2007,-1,0.00,14,-1,SH0415,AP341,,464,424,378,1671.2,2,8,4,,391.5187652,32,1055.0306127194
36030680101,345,4/17/2007,-1,0.00,14,-1,SH0416,AP342,,496,453,397,2157.2,1,8,3,,363.818164,89,7953.3998742554
36030680101,345,4/17/2007,-1,0.00,14,-1,SH0417,AP343,,499,452,406,2108.2,2,9,8,,431.270341,21,429.7187642358
36030680101,345,4/17/2007,-1,0.00,14,-1,SH0418,AP344,,512,473,412,2613.7,2,8,3,,363.818164,109,11920.6733146870
36030680101,345,4/20/2007,-1,0.00,14,-1,SH0419,AP345,,561,508,448,2591.1,2,10,8,,431.270341,77,5887.4405775832
36030680101,345,4/20/2007,-1,0.00,14,-1,SH0420,AP346,,422,382,333,1253.3,2,9,9,,434.0222309,-52,2706.3125043865
36030680101,345,4/20/2007,-1,0.00,14,-1,SH0421,AP347,,468,425,375,1726.9,1,9, ,, , , 
36030680101,345,4/20/2007,-1,0.00,14,-1,SH0422,AP348,,467,428,379,1700.4,2,10,6,,419.9724894,8,64.4409257541
36030680101,345,4/20/2007,-1,0.00,14,-1,SH0423,AP349,,462,415,370,1563.8,2,9,5,,408.9736734,6,36.3166127313
36030680101,171,4/20/2007,-1,0.00,14,-1,SH0424,AP350,,472,432,380,1818.7,1,8,10,,435.7562721,-4,14.1095803509
36030680101,171,4/20/2007,-1,0.00,14,-1,SH0425,AP351,,490,439,385,2001.3,1,9,4,,391.5187652,47,2254.4676560667
36030680101,332,4/22/2007,-1,0.00,15,-1,SH0426,-1,,419,384,338,1402.6,2,11,3,,363.818164,20,407.3065047664
36030680101,-1,6/17/2007,-1,0.00,15,-1,SH0427,-1,,-1,404,352,1442.7,2,-1,6,,419.9724894,-16,255.1204189842
36030680101,205,6/20/2007,1,0.50,10,24,SH0428,-1,,225,205,175,-1.0,3,-1,1,,250.0936731,-45,2033.4393563798
36030680101,143,7/10/2007,1,0.50,10,24,SH0429,-1,,433,395,340,1378.6,2,11,5,,408.9736734,-14,195.2635472663
36030680101,303,8/24/2007,-1,0.00,21,-1,SH0430,-1,,325,293,251,575.7,2,11,2,,319.8578462,-27,721.3439032487
36030680101,303,8/24/2007,-1,0.00,21,-1,SH0431,-1,,250,226,193,263.4,1,11,1,,250.0936731,-24,580.5050849084
36030680101,332,8/29/2007,-1,0.00,43,-1,SH0432,-1,,444,408,365,1720.0,2,11,4,,391.5187652,16,271.6310998156
36030680101,332,9/5/2007,-1,0.07,8,-1,SH0433,-1,,451,401,352,1541.4,2,11,5,,408.9736734,-8,63.5794669058
36030680101,332,9/5/2007,-1,0.07,8,-1,SH0434,-1,,195,189,174,-1.0,3,-1,0,,139.3792813,50,2462.2157217755
36030680101,315,9/14/2007,-1,0.00,21,-1,SH0435,-1,,125,118,99,42.0,3,-1,0,,139.3792813,-21,457.0736699942
36030680101,315,9/28/2007,-1,0.00,21,-1,SH0436,-1,,134,124,103,46.9,3,-1,0,,139.3792813,-15,236.5222940884
36030680101,431,10/10/2007,-1,0.00,21,-1,SH0437,-1,,140,130,111,49.8,3,1,0,,139.3792813,-9,87.9709181826
36030680101,431,10/10/2007,-1,0.00,21,-1,SH0438,-1,,112,104,84,28.7,3,1,0,,139.3792813,-35,1251.6935471077
36030680101,315,10/12/2007,-1,0.00,21,-1,SH0439,-1,,144,132,108,63.4,3,-1,0,,139.3792813,-7,54.4537928806
36030680101,315,10/12/2007,-1,0.00,21,-1,SH0440,-1,,71,65,54,7.6,3,-1,0,,139.3792813,-74,5532.2774904955
36030680101,315,10/26/2007,-1,0.00,21,-1,SH0441,-1,,133,122,100,47.6,3,-1,0,,139.3792813,-17,302.0394193903
36030680101,315,10/26/2007,-1,0.00,21,-1,SH0442,-1,,123,112,93,38.0,3,-1,0,,139.3792813,-27,749.6250459000
36030680101,315,10/26/2007,-1,0.00,21,-1,SH0443,-1,,140,130,111,63.0,3,-1,0,,139.3792813,-9,87.9709181826
36030680101,315,10/26/2007,-1,0.00,21,-1,SH0444,-1,,138,127,106,54.1,3,-1,0,,139.3792813,-12,153.2466061355
36030680101,421,11/6/2007,-1,0.00,21,-1,SH0445,-1,,137,126,104,50.0,3,-1,0,,139.3792813,-13,179.0051687864
36030680101,315,11/9/2007,-1,0.00,21,-1,SH0446,-1,,133,123,101,48.1,3,-1,0,,139.3792813,-16,268.2808567393
,,,,,,,,,,,,,,,,,,,,927332.7730402980
,,,,,,,,,,,,,,,,,,,,
,,,,,,,,,,,,,,,,,,,,
,,,,,,,,,,,,,,,,,,,,
,,,,,,,,,,,,,,,,,,,,
,,,,,,,,,,,,,,,,,,,,
,,,,,,,,,,,,,,,,,,,,
,,,,,,,,,,,,,,,,,,,,
,,,,,,,,,,,,,,,,,,,,
,,,,,,,,,,,,,,,,,,,,
,,,,,,,,,,,,,,,,,,,,
,,,,,,,,,,,,,,,,,,,,
,,,,,,,,,,,,,,,,,,,,
,,,,,,,,,,,,,,,,,,,Linf,438.7104433
,,,,,,,,,,,,,,,,,,,K ,0.46183324
,,,,,,,,,,,,,,,,,,,t_0,-0.82776434
,,,,,,,,,,,,,,,,,,,,
,,,,,,,,,,,,,,,,,,,,
,,,0,139.38,,,,,,,,,,,,,,,,
,, ,1,250.09,,,,,,,,,,,,,,,,
,,,2,319.86,,,,,,,,,,,,,,,,
,,,3,363.82,,,,,,,,,,,,,,,,
,,,4,391.52,,,,,,,,,,,,,,,,
,,,5,408.97,,,,,,,,,,,,,,,,
,,,6,419.97,,,,,,,,,,,,,,,,
,,,7,426.90,,,,,,,,,,,,,,,,
,,,8,431.27,,,,,,,,,,,,,,,,
,,,9,434.02,,,,,,,,,,,,,,,,
,,,10,435.76,,,,,,,,,,,,,,,,
,,,11,436.85,,,,,,,,,,,,,,,,
,,,12,437.54,,,,,,,,,,,,,,,,
,,,,,,,,,,,,,,,,,,,,
,,,,,,,,,,,,,,,,,,,,
,,,,,,,,,,,,,,,,,,,,
,,,,,,,,,,,,,,,,,,,,
,,,,,,,,,,,,,,,,,,,,
,,,,,,,,,,,,,,,,,,,,
,,,,,,,,,,,,,,,,,,,,
,,,,,,,,,,,,,,,,,,,,
,,,,,,,,,,,,,,,,,,,,
,,,,,,,,,,,,,,,,,,,,
,,,,,,,,,,,,,,,,,,,,
,,,,,,,,,,,,,,,,,,,,
,,,,,,,,,,,,,,,,,,,,
,,,,,,,,,,,,,,,,,,,,
,,,,,,,,,,,,,,,,,,,,
,,,,,,,,,,,,,,,,,,,,
,,,,,,,,,,,,,,,,,,,,
,,,,,,,,,,,,,,,,,,,,
,,,,,,,,,,,,,,,,,,,,
,,,,,,,,,,,,,,,,,,,,
,,,,,,,,,,,,,,,,,,,,
,,,,,,,,,,,,,,,,,,,,
,,,,,,,,,,,,,,,,,,,,
,,,,,,,,,,,,,,,,,,,,
,,,,,,,,,,,,,,,,,,,,
,,,,,,,,,,,,,,,,,,,,
,,,,,,,,,,,,,,,,,,,,
,,,,,,,,,,,,,,,,,,,,
,,,,,,,,,,,,,,,,,,,,
,,,,,,,,,,,,,,,,,,,,
,,,,,,,,,,,,,,,,,,,,
,,,,,,,,,,,,,,,,,,,,
,,,,,,,,,,,,,,,,,,,,
,,,,,,,,,,,,,,,,,,,,
,,,,,,,,,,,,,,,,,,,,
,,,,,,,,,,,,,,,,,,,,
,,,,,,,,,,,,,,,,,,,,
,,,,,,,,,,,,,,,,,,,,
,,,,,,,,,,,,,,,,,,,,
,,,,,,,,,,,,,,,,,,,,
,,,,,,,,,,,,,,,,,,,,
,,,,,,,,,,,,,,,,,,,,
,,,,,,,,,,,,,,,,,,,,
,,,,,,,,,,,,,,,,,,,,
,,,,,,,,,,,,,,,,,,,,
,,,,,,,,,,,,,,,,,,,,
,,,,,,,,,,,,,,,,,,,,
,,,,,,,,,,,,,,,,,,,,
,,,,,,,,,,,,,,,,,,,,
,,,,,,,,,,,,,,,,,,,,
,,,,,,,,,,,,,,,,,,,,
,,,,,,,,,,,,,,,,,,,,
,,,,,,,,,,,,,,,,,,,,
,,,,,,,,,,,,,,,,,,,,
,,,,,,,,,,,,,,,,,,,,
,,,,,,,,,,,,,,,,,,,,
,,,,,,,,,,,,,,,,,,,,
,,,,,,,,,,,,,,,,,,,,
,,,,,,,,,,,,,,,,,,,,
,,,,,,,,,,,,,,,,,,,,
,,,,,,,,,,,,,,,,,,,,
,,,,,,,,,,,,,,,,,,,,
,,,,,,,,,,,,,,,,,,,,
,,,,,,,,,,,,,,,,,,,,
,,,,,,,,,,,,,,,,,,,,
,,,,,,,,,,,,,,,,,,,,
,,,,,,,,,,,,,,,,,,,,
,,,,,,,,,,,,,,,,,,,,
,,,,,,,,,,,,,,,,,,,,
,,,,,,,,,,,,,,,,,,,,
,,,,,,,,,,,,,,,,,,,,
,,,,,,,,,,,,,,,,,,,,
,,,,,,,,,,,,,,,,,,,,
,,,,,,,,,,,,,,,,,,,,
,,,,,,,,,,,,,,,,,,,,
,,,,,,,,,,,,,,,,,,,,
,,,,,,,,,,,,,,,,,,,,
,,,,,,,,,,,,,,,,,,,,
,,,,,,,,,,,,,,,,,,,,
,,,,,,,,,,,,,,,,,,,,
,,,,,,,,,,,,,,,,,,,,
,,,,,,,,,,,,,,,,,,,,
,,,,,,,,,,,,,,,,,,,,
,,,,,,,,,,,,,,,,,,,,
,,,,,,,,,,,,,,,,,,,,
,,,,,,,,,,,,,,,,,,,,
,,,,,,,,,,,,,,,,,,,,
,,,,,,,,,,,,,,,,,,,,
,,,,,,,,,,,,,,,,,,,,
,,,,,,,,,,,,,,,,,,,,
,,,,,,,,,,,,,,,,,,,,
,,,,,,,,,,,,,,,,,,,,
,,,,,,,,,,,,,,,,,,,,
,,,,,,,,,,,,,,,,,,,,
,,,,,,,,,,,,,,,,,,,,
,,,,,,,,,,,,,,,,,,,,
,,,,,,,,,,,,,,,,,,,,
,,,,,,,,,,,,,,,,,,,,
,,,,,,,,,,,,,,,,,,,,
,,,,,,,,,,,,,,,,,,,,
,,,,,,,,,,,,,,,,,,,,
,,,,,,,,,,,,,,,,,,,,
,,,,,,,,,,,,,,,,,,,,
,,,,,,,,,,,,,,,,,,,,
,,,,,,,,,,,,,,,,,,,,
,,,,,,,,,,,,,,,,,,,,
,,,,,,,,,,,,,,,,,,,,
,,,,,,,,,,,,,,,,,,,,
,,,,,,,,,,,,,,,,,,,,
,,,,,,,,,,,,,,,,,,,,
,,,,,,,,,,,,,,,,,,,,
,,,,,,,,,,,,,,,,,,,,
,,,,,,,,,,,,,,,,,,,,
,,,,,,,,,,,,,,,,,,,,
,,,,,,,,,,,,,,,,,,,,
,,,,,,,,,,,,,,,,,,,,
,,,,,,,,,,,,,,,,,,,,
,,,,,,,,,,,,,,,,,,,,
,,,,,,,,,,,,,,,,,,,,
,,,,,,,,,,,,,,,,,,,,
,,,,,,,,,,,,,,,,,,,,
,,,,,,,,,,,,,,,,,,,,
,,,,,,,,,,,,,,,,,,,,
,,,,,,,,,,,,,,,,,,,,
,,,,,,,,,,,,,,,,,,,,
,,,,,,,,,,,,,,,,,,,,
,,,,,,,,,,,,,,,,,,,,
,,,,,,,,,,,,,,,,,,,,
,,,,,,,,,,,,,,,,,,,,
,,,,,,,,,,,,,,,,,,,,
,,,,,,,,,,,,,,,,,,,,
,,,,,,,,,,,,,,,,,,,,
,,,,,,,,,,,,,,,,,,,,
,,,,,,,,,,,,,,,,,,,,
,,,,,,,,,,,,,,,,,,,,
,,,,,,,,,,,,,,,,,,,,
,,,,,,,,,,,,,,,,,,,,
,,,,,,,,,,,,,,,,,,,,
,,,,,,,,,,,,,,,,,,,,
,,,,,,,,,,,,,,,,,,,,
,,,,,,,,,,,,,,,,,,,,
,,,,,,,,,,,,,,,,,,,,
,,,,,,,,,,,,,,,,,,,,
,,,,,,,,,,,,,,,,,,,,
,,,,,,,,,,,,,,,,,,,,
,,,,,,,,,,,,,,,,,,,,
,,,,,,,,,,,,,,,,,,,,
,,,,,,,,,,,,,,,,,,,,
,,,,,,,,,,,,,,,,,,,,
,,,,,,,,,,,,,,,,,,,,
,,,,,,,,,,,,,,,,,,,,
,,,,,,,,,,,,,,,,,,,,
,,,,,,,,,,,,,,,,,,,,
,,,,,,,,,,,,,,,,,,,,
,,,,,,,,,,,,,,,,,,,,
,,,,,,,,,,,,,,,,,,,,
,,,,,,,,,,,,,,,,,,,,
,,,,,,,,,,,,,,,,,,,,
,,,,,,,,,,,,,,,,,,,,
,,,,,,,,,,,,,,,,,,,,
,,,,,,,,,,,,,,,,,,,,
,,,,,,,,,,,,,,,,,,,,
,,,,,,,,,,,,,,,,,,,,
,,,,,,,,,,,,,,,,,,,,
,,,,,,,,,,,,,,,,,,,,
,,,,,,,,,,,,,,,,,,,,
,,,,,,,,,,,,,,,,,,,,
,,,,,,,,,,,,,,,,,,,,
,,,,,,,,,,,,,,,,,,,,
,,,,,,,,,,,,,,,,,,,,
,,,,,,,,,,,,,,,,,,,,
,,,,,,,,,,,,,,,,,,,,
,,,,,,,,,,,,,,,,,,,,
,,,,,,,,,,,,,,,,,,,,
,,,,,,,,,,,,,,,,,,,,
,,,,,,,,,,,,,,,,,,,,
,,,,,,,,,,,,,,,,,,,,
,,,,,,,,,,,,,,,,,,,,
,,,,,,,,,,,,,,,,,,,,
,,,,,,,,,,,,,,,,,,,,
,,,,,,,,,,,,,,,,,,,,
,,,,,,,,,,,,,,,,,,,,
,,,,,,,,,,,,,,,,,,,,
,,,,,,,,,,,,,,,,,,,,
,,,,,,,,,,,,,,,,,,,,
,,,,,,,,,,,,,,,,,,,,
,,,,,,,,,,,,,,,,,,,,
,,,,,,,,,,,,,,,,,,,,
,,,,,,,,,,,,,,,,,,,,
,,,,,,,,,,,,,,,,,,,,
,,,,,,,,,,,,,,,,,,,,
,,,,,,,,,,,,,,,,,,,,
,,,,,,,,,,,,,,,,,,,,
,,,,,,,,,,,,,,,,,,,,
,,,,,,,,,,,,,,,,,,,,
,,,,,,,,,,,,,,,,,,,,
,,,,,,,,,,,,,,,,,,,,
,,,,,,,,,,,,,,,,,,,,
,,,,,,,,,,,,,,,,,,,,
,,,,,,,,,,,,,,,,,,,,
,,,,,,,,,,,,,,,,,,,,
,,,,,,,,,,,,,,,,,,,,
,,,,,,,,,,,,,,,,,,,,
,,,,,,,,,,,,,,,,,,,,
,,,,,,,,,,,,,,,,,,,,
,,,,,,,,,,,,,,,,,,,,
,,,,,,,,,,,,,,,,,,,,
,,,,,,,,,,,,,,,,,,,,
,,,,,,,,,,,,,,,,,,,,
,,,,,,,,,,,,,,,,,,,,
,,,,,,,,,,,,,,,,,,,,
,,,,,,,,,,,,,,,,,,,,
,,,,,,,,,,,,,,,,,,,,
,,,,,,,,,,,,,,,,,,,,
,,,,,,,,,,,,,,,,,,,,
,,,,,,,,,,,,,,,,,,,,
,,,,,,,,,,,,,,,,,,,,
,,,,,,,,,,,,,,,,,,,,
,,,,,,,,,,,,,,,,,,,,
,,,,,,,,,,,,,,,,,,,,
,,,,,,,,,,,,,,,,,,,,
,,,,,,,,,,,,,,,,,,,,
,,,,,,,,,,,,,,,,,,,,
,,,,,,,,,,,,,,,,,,,,
,,,,,,,,,,,,,,,,,,,,
,,,,,,,,,,,,,,,,,,,,
,,,,,,,,,,,,,,,,,,,,
,,,,,,,,,,,,,,,,,,,,
,,,,,,,,,,,,,,,,,,,,
,,,,,,,,,,,,,,,,,,,,
,,,,,,,,,,,,,,,,,,,,
,,,,,,,,,,,,,,,,,,,,
,,,,,,,,,,,,,,,,,,,,
,,,,,,,,,,,,,,,,,,,,
,,,,,,,,,,,,,,,,,,,,
,,,,,,,,,,,,,,,,,,,,
,,,,,,,,,,,,,,,,,,,,
,,,,,,,,,,,,,,,,,,,,
,,,,,,,,,,,,,,,,,,,,
,,,,,,,,,,,,,,,,,,,,
,,,,,,,,,,,,,,,,,,,,
,,,,,,,,,,,,,,,,,,,,
,,,,,,,,,,,,,,,,,,,,
,,,,,,,,,,,,,,,,,,,,
,,,,,,,,,,,,,,,,,,,,
,,,,,,,,,,,,,,,,,,,,
,,,,,,,,,,,,,,,,,,,,
,,,,,,,,,,,,,,,,,,,,
,,,,,,,,,,,,,,,,,,,,
,,,,,,,,,,,,,,,,,,,,
,,,,,,,,,,,,,,,,,,,,
,,,,,,,,,,,,,,,,,,,,
,,,,,,,,,,,,,,,,,,,,
,,,,,,,,,,,,,,,,,,,,
,,,,,,,,,,,,,,,,,,,,
,,,,,,,,,,,,,,,,,,,,
,,,,,,,,,,,,,,,,,,,,
,,,,,,,,,,,,,,,,,,,,
,,,,,,,,,,,,,,,,,,,,
,,,,,,,,,,,,,,,,,,,,
,,,,,,,,,,,,,,,,,,,,
,,,,,,,,,,,,,,,,,,,,
,,,,,,,,,,,,,,,,,,,,
,,,,,,,,,,,,,,,,,,,,
,,,,,,,,,,,,,,,,,,,,
,,,,,,,,,,,,,,,,,,,,
,,,,,,,,,,,,,,,,,,,,
,,,,,,,,,,,,,,,,,,,,
,,,,,,,,,,,,,,,,,,,,
,,,,,,,,,,,,,,,,,,,,
,,,,,,,,,,,,,,,,,,,,
,,,,,,,,,,,,,,,,,,,,
,,,,,,,,,,,,,,,,,,,,
,,,,,,,,,,,,,,,,,,,,
,,,,,,,,,,,,,,,,,,,,
,,,,,,,,,,,,,,,,,,,,
,,,,,,,,,,,,,,,,,,,,
,,,,,,,,,,,,,,,,,,,,
,,,,,,,,,,,,,,,,,,,,
,,,,,,,,,,,,,,,,,,,,
,,,,,,,,,,,,,,,,,,,,
,,,,,,,,,,,,,,,,,,,,
,,,,,,,,,,,,,,,,,,,,
,,,,,,,,,,,,,,,,,,,,
,,,,,,,,,,,,,,,,,,,,
,,,,,,,,,,,,,,,,,,,,
,,,,,,,,,,,,,,,,,,,,
,,,,,,,,,,,,,,,,,,,,
,,,,,,,,,,,,,,,,,,,,
,,,,,,,,,,,,,,,,,,,,
,,,,,,,,,,,,,,,,,,,,
,,,,,,,,,,,,,,,,,,,,
,,,,,,,,,,,,,,,,,,,,
,,,,,,,,,,,,,,,,,,,,
,,,,,,,,,,,,,,,,,,,,
,,,,,,,,,,,,,,,,,,,,
,,,,,,,,,,,,,,,,,,,,
,,,,,,,,,,,,,,,,,,,,
,,,,,,,,,,,,,,,,,,,,
,,,,,,,,,,,,,,,,,,,,
,,,,,,,,,,,,,,,,,,,,
,,,,,,,,,,,,,,,,,,,,
,,,,,,,,,,,,,,,,,,,,
,,,,,,,,,,,,,,,,,,,,
,,,,,,,,,,,,,,,,,,,,
,,,,,,,,,,,,,,,,,,,,
,,,,,,,,,,,,,,,,,,,,
,,,,,,,,,,,,,,,,,,,,
,,,,,,,,,,,,,,,,,,,,
,,,,,,,,,,,,,,,,,,,,
,,,,,,,,,,,,,,,,,,,,
,,,,,,,,,,,,,,,,,,,,
,,,,,,,,,,,,,,,,,,,,
,,,,,,,,,,,,,,,,,,,,
,,,,,,,,,,,,,,,,,,,,
,,,,,,,,,,,,,,,,,,,,
,,,,,,,,,,,,,,,,,,,,
,,,,,,,,,,,,,,,,,,,,
,,,,,,,,,,,,,,,,,,,,
,,,,,,,,,,,,,,,,,,,,
,,,,,,,,,,,,,,,,,,,,
,,,,,,,,,,,,,,,,,,,,
,,,,,,,,,,,,,,,,,,,,
,,,,,,,,,,,,,,,,,,,,
,,,,,,,,,,,,,,,,,,,,
,,,,,,,,,,,,,,,,,,,,
,,,,,,,,,,,,,,,,,,,,
,,,,,,,,,,,,,,,,,,,,
,,,,,,,,,,,,,,,,,,,,
,,,,,,,,,,,,,,,,,,,,
,,,,,,,,,,,,,,,,,,,,
,,,,,,,,,,,,,,,,,,,,
,,,,,,,,,,,,,,,,,,,,
,,,,,,,,,,,,,,,,,,,,
,,,,,,,,,,,,,,,,,,,,
,,,,,,,,,,,,,,,,,,,,
,,,,,,,,,,,,,,,,,,,,
,,,,,,,,,,,,,,,,,,,,
,,,,,,,,,,,,,,,,,,,,
,,,,,,,,,,,,,,,,,,,,
,,,,,,,,,,,,,,,,,,,,
,,,,,,,,,,,,,,,,,,,,
,,,,,,,,,,,,,,,,,,,,
,,,,,,,,,,,,,,,,,,,,
,,,,,,,,,,,,,,,,,,,,
,,,,,,,,,,,,,,,,,,,,
,,,,,,,,,,,,,,,,,,,,
,,,,,,,,,,,,,,,,,,,,
,,,,,,,,,,,,,,,,,,,,
,,,,,,,,,,,,,,,,,,,,
,,,,,,,,,,,,,,,,,,,,
,,,,,,,,,,,,,,,,,,,,
,,,,,,,,,,,,,,,,,,,,
,,,,,,,,,,,,,,,,,,,,
,,,,,,,,,,,,,,,,,,,,
,,,,,,,,,,,,,,,,,,,,
,,,,,,,,,,,,,,,,,,,,
,,,,,,,,,,,,,,,,,,,,
,,,,,,,,,,,,,,,,,,,,
,,,,,,,,,,,,,,,,,,,,
,,,,,,,,,,,,,,,,,,,,
,,,,,,,,,,,,,,,,,,,,
,,,,,,,,,,,,,,,,,,,,
,,,,,,,,,,,,,,,,,,,,
,,,,,,,,,,,,,,,,,,,,
,,,,,,,,,,,,,,,,,,,,
,,,,,,,,,,,,,,,,,,,,
,,,,,,,,,,,,,,,,,,,,
,,,,,,,,,,,,,,,,,,,,
,,,,,,,,,,,,,,,,,,,,
,,,,,,,,,,,,,,,,,,,,
,,,,,,,,,,,,,,,,,,,,
,,,,,,,,,,,,,,,,,,,,
,,,,,,,,,,,,,,,,,,,,
,,,,,,,,,,,,,,,,,,,,
,,,,,,,,,,,,,,,,,,,,
,,,,,,,,,,,,,,,,,,,,
,,,,,,,,,,,,,,,,,,,,
,,,,,,,,,,,,,,,,,,,,
,,,,,,,,,,,,,,,,,,,,
,,,,,,,,,,,,,,,,,,,,
,,,,,,,,,,,,,,,,,,,,
,,,,,,,,,,,,,,,,,,,,
,,,,,,,,,,,,,,,,,,,,
,,,,,,,,,,,,,,,,,,,,
,,,,,,,,,,,,,,,,,,,,
,,,,,,,,,,,,,,,,,,,,
,,,,,,,,,,,,,,,,,,,,
,,,,,,,,,,,,,,,,,,,,
,,,,,,,,,,,,,,,,,,,,
,,,,,,,,,,,,,,,,,,,,
,,,,,,,,,,,,,,,,,,,,
,,,,,,,,,,,,,,,,,,,,
,,,,,,,,,,,,,,,,,,,,
,,,,,,,,,,,,,,,,,,,,
,,,,,,,,,,,,,,,,,,,,
,,,,,,,,,,,,,,,,,,,,
,,,,,,,,,,,,,,,,,,,,
,,,,,,,,,,,,,,,,,,,,
,,,,,,,,,,,,,,,,,,,,
,,,,,,,,,,,,,,,,,,,,
,,,,,,,,,,,,,,,,,,,,
,,,,,,,,,,,,,,,,,,,,
,,,,,,,,,,,,,,,,,,,,
,,,,,,,,,,,,,,,,,,,,
,,,,,,,,,,,,,,,,,,,,
,,,,,,,,,,,,,,,,,,,,
,,,,,,,,,,,,,,,,,,,,
,,,,,,,,,,,,,,,,,,,,
,,,,,,,,,,,,,,,,,,,,
,,,,,,,,,,,,,,,,,,,,
,,,,,,,,,,,,,,,,,,,,
,,,,,,,,,,,,,,,,,,,,
,,,,,,,,,,,,,,,,,,,,
,,,,,,,,,,,,,,,,,,,,
,,,,,,,,,,,,,,,,,,,,
,,,,,,,,,,,,,,,,,,,,
,,,,,,,,,,,,,,,,,,,,
,,,,,,,,,,,,,,,,,,,,
,,,,,,,,,,,,,,,,,,,,
,,,,,,,,,,,,,,,,,,,,
,,,,,,,,,,,,,,,,,,,,
,,,,,,,,,,,,,,,,,,,,
,,,,,,,,,,,,,,,,,,,,
,,,,,,,,,,,,,,,,,,,,
,,,,,,,,,,,,,,,,,,,,
,,,,,,,,,,,,,,,,,,,,
,,,,,,,,,,,,,,,,,,,,
,,,,,,,,,,,,,,,,,,,,
,,,,,,,,,,,,,,,,,,,,
,,,,,,,,,,,,,,,,,,,,
,,,,,,,,,,,,,,,,,,,,
,,,,,,,,,,,,,,,,,,,,
,,,,,,,,,,,,,,,,,,,,
,,,,,,,,,,,,,,,,,,,,
,,,,,,,,,,,,,,,,,,,,
,,,,,,,,,,,,,,,,,,,,
,,,,,,,,,,,,,,,,,,,,
,,,,,,,,,,,,,,,,,,,,
,,,,,,,,,,,,,,,,,,,,
,,,,,,,,,,,,,,,,,,,,
,,,,,,,,,,,,,,,,,,,,
,,,,,,,,,,,,,,,,,,,,
,,,,,,,,,,,,,,,,,,,,
,,,,,,,,,,,,,,,,,,,,
,,,,,,,,,,,,,,,,,,,,
,,,,,,,,,,,,,,,,,,,,
,,,,,,,,,,,,,,,,,,,,
,,,,,,,,,,,,,,,,,,,,
,,,,,,,,,,,,,,,,,,,,
,,,,,,,,,,,,,,,,,,,,
,,,,,,,,,,,,,,,,,,,,
,,,,,,,,,,,,,,,,,,,,
,,,,,,,,,,,,,,,,,,,,
,,,,,,,,,,,,,,,,,,,,
,,,,,,,,,,,,,,,,,,,,
,,,,,,,,,,,,,,,,,,,,
,,,,,,,,,,,,,,,,,,,,
,,,,,,,,,,,,,,,,,,,,
,,,,,,,,,,,,,,,,,,,,
,,,,,,,,,,,,,,,,,,,,
,,,,,,,,,,,,,,,,,,,,
,,,,,,,,,,,,,,,,,,,,
,,,,,,,,,,,,,,,,,,,,
,,,,,,,,,,,,,,,,,,,,
,,,,,,,,,,,,,,,,,,,,
,,,,,,,,,,,,,,,,,,,,
,,,,,,,,,,,,,,,,,,,,
,,,,,,,,,,,,,,,,,,,,
,,,,,,,,,,,,,,,,,,,,
,,,,,,,,,,,,,,,,,,,,
,,,,,,,,,,,,,,,,,,,,
,,,,,,,,,,,,,,,,,,,,
,,,,,,,,,,,,,,,,,,,,
,,,,,,,,,,,,,,,,,,,,
,,,,,,,,,,,,,,,,,,,,
,,,,,,,,,,,,,,,,,,,,
,,,,,,,,,,,,,,,,,,,,
,,,,,,,,,,,,,,,,,,,,
,,,,,,,,,,,,,,,,,,,,
,,,,,,,,,,,,,,,,,,,,
,,,,,,,,,,,,,,,,,,,,
,,,,,,,,,,,,,,,,,,,,
,,,,,,,,,,,,,,,,,,,,
,,,,,,,,,,,,,,,,,,,,
,,,,,,,,,,,,,,,,,,,,
,,,,,,,,,,,,,,,,,,,,
,,,,,,,,,,,,,,,,,,,,
,,,,,,,,,,,,,,,,,,,,
,,,,,,,,,,,,,,,,,,,,
,,,,,,,,,,,,,,,,,,,,
,,,,,,,,,,,,,,,,,,,,
,,,,,,,,,,,,,,,,,,,,
,,,,,,,,,,,,,,,,,,,,
,,,,,,,,,,,,,,,,,,,,
,,,,,,,,,,,,,,,,,,,,
,,,,,,,,,,,,,,,,,,,,
,,,,,,,,,,,,,,,,,,,,
,,,,,,,,,,,,,,,,,,,,
,,,,,,,,,,,,,,,,,,,,
,,,,,,,,,,,,,,,,,,,,
,,,,,,,,,,,,,,,,,,,,
,,,,,,,,,,,,,,,,,,,,
,,,,,,,,,,,,,,,,,,,,
,,,,,,,,,,,,,,,,,,,,
,,,,,,,,,,,,,,,,,,,,
,,,,,,,,,,,,,,,,,,,,
,,,,,,,,,,,,,,,,,,,,
,,,,,,,,,,,,,,,,,,,,
,,,,,,,,,,,,,,,,,,,,
,,,,,,,,,,,,,,,,,,,,
,,,,,,,,,,,,,,,,,,,,
,,,,,,,,,,,,,,,,,,,,
,,,,,,,,,,,,,,,,,,,,
,,,,,,,,,,,,,,,,,,,,
,,,,,,,,,,,,,,,,,,,,
,,,,,,,,,,,,,,,,,,,,
,,,,,,,,,,,,,,,,,,,,
,,,,,,,,,,,,,,,,,,,,
,,,,,,,,,,,,,,,,,,,,
,,,,,,,,,,,,,,,,,,,,
,,,,,,,,,,,,,,,,,,,,
,,,,,,,,,,,,,,,,,,,,
,,,,,,,,,,,,,,,,,,,,
,,,,,,,,,,,,,,,,,,,,
,,,,,,,,,,,,,,,,,,,,
,,,,,,,,,,,,,,,,,,,,
,,,,,,,,,,,,,,,,,,,,
,,,,,,,,,,,,,,,,,,,,
,,,,,,,,,,,,,,,,,,,,
,,,,,,,,,,,,,,,,,,,,
,,,,,,,,,,,,,,,,,,,,
,,,,,,,,,,,,,,,,,,,,
,,,,,,,,,,,,,,,,,,,,
,,,,,,,,,,,,,,,,,,,,
,,,,,,,,,,,,,,,,,,,,
,,,,,,,,,,,,,,,,,,,,
,,,,,,,,,,,,,,,,,,,,
,,,,,,,,,,,,,,,,,,,,
,,,,,,,,,,,,,,,,,,,,
,,,,,,,,,,,,,,,,,,,,
,,,,,,,,,,,,,,,,,,,,
,,,,,,,,,,,,,,,,,,,,
,,,,,,,,,,,,,,,,,,,,
,,,,,,,,,,,,,,,,,,,,
,,,,,,,,,,,,,,,,,,,,
,,,,,,,,,,,,,,,,,,,,
,,,,,,,,,,,,,,,,,,,,
,,,,,,,,,,,,,,,,,,,,
,,,,,,,,,,,,,,,,,,,,
,,,,,,,,,,,,,,,,,,,,
,,,,,,,,,,,,,,,,,,,,
,,,,,,,,,,,,,,,,,,,,
,,,,,,,,,,,,,,,,,,,,
,,,,,,,,,,,,,,,,,,,,
,,,,,,,,,,,,,,,,,,,,
,,,,,,,,,,,,,,,,,,,,
,,,,,,,,,,,,,,,,,,,,
,,,,,,,,,,,,,,,,,,,,
,,,,,,,,,,,,,,,,,,,,
,,,,,,,,,,,,,,,,,,,,
,,,,,,,,,,,,,,,,,,,,
,,,,,,,,,,,,,,,,,,,,
,,,,,,,,,,,,,,,,,,,,
,,,,,,,,,,,,,,,,,,,,
,,,,,,,,,,,,,,,,,,,,
,,,,,,,,,,,,,,,,,,,,
,,,,,,,,,,,,,,,,,,,,
,,,,,,,,,,,,,,,,,,,,
,,,,,,,,,,,,,,,,,,,,
,,,,,,,,,,,,,,,,,,,,
,,,,,,,,,,,,,,,,,,,,
,,,,,,,,,,,,,,,,,,,,
,,,,,,,,,,,,,,,,,,,,
,,,,,,,,,,,,,,,,,,,,
,,,,,,,,,,,,,,,,,,,,
,,,,,,,,,,,,,,,,,,,,
,,,,,,,,,,,,,,,,,,,,
,,,,,,,,,,,,,,,,,,,,
,,,,,,,,,,,,,,,,,,,,
,,,,,,,,,,,,,,,,,,,,
,,,,,,,,,,,,,,,,,,,,
,,,,,,,,,,,,,,,,,,,,
,,,,,,,,,,,,,,,,,,,,
,,,,,,,,,,,,,,,,,,,,
,,,,,,,,,,,,,,,,,,,,
,,,,,,,,,,,,,,,,,,,,
,,,,,,,,,,,,,,,,,,,,
,,,,,,,,,,,,,,,,,,,,
,,,,,,,,,,,,,,,,,,,,
,,,,,,,,,,,,,,,,,,,,
,,,,,,,,,,,,,,,,,,,,
,,,,,,,,,,,,,,,,,,,,
,,,,,,,,,,,,,,,,,,,,
,,,,,,,,,,,,,,,,,,,,
,,,,,,,,,,,,,,,,,,,,
,,,,,,,,,,,,,,,,,,,,
,,,,,,,,,,,,,,,,,,,,
,,,,,,,,,,,,,,,,,,,,
,,,,,,,,,,,,,,,,,,,,
,,,,,,,,,,,,,,,,,,,,
,,,,,,,,,,,,,,,,,,,,
,,,,,,,,,,,,,,,,,,,,
,,,,,,,,,,,,,,,,,,,,
,,,,,,,,,,,,,,,,,,,,
,,,,,,,,,,,,,,,,,,,,
,,,,,,,,,,,,,,,,,,,,
,,,,,,,,,,,,,,,,,,,,
,,,,,,,,,,,,,,,,,,,,
,,,,,,,,,,,,,,,,,,,,
,,,,,,,,,,,,,,,,,,,,
,,,,,,,,,,,,,,,,,,,,
,,,,,,,,,,,,,,,,,,,,
,,,,,,,,,,,,,,,,,,,,
,,,,,,,,,,,,,,,,,,,,
,,,,,,,,,,,,,,,,,,,,
,,,,,,,,,,,,,,,,,,,,
,,,,,,,,,,,,,,,,,,,,
,,,,,,,,,,,,,,,,,,,,
,,,,,,,,,,,,,,,,,,,,
,,,,,,,,,,,,,,,,,,,,
,,,,,,,,,,,,,,,,,,,,
,,,,,,,,,,,,,,,,,,,,
,,,,,,,,,,,,,,,,,,,,
,,,,,,,,,,,,,,,,,,,,
,,,,,,,,,,,,,,,,,,,,
,,,,,,,,,,,,,,,,,,,,
,,,,,,,,,,,,,,,,,,,,
,,,,,,,,,,,,,,,,,,,,
,,,,,,,,,,,,,,,,,,,,
,,,,,,,,,,,,,,,,,,,,
,,,,,,,,,,,,,,,,,,,,
,,,,,,,,,,,,,,,,,,,,
,,,,,,,,,,,,,,,,,,,,
,,,,,,,,,,,,,,,,,,,,
,,,,,,,,,,,,,,,,,,,,
,,,,,,,,,,,,,,,,,,,,
,,,,,,,,,,,,,,,,,,,,
,,,,,,,,,,,,,,,,,,,,
,,,,,,,,,,,,,,,,,,,,
,,,,,,,,,,,,,,,,,,,,
,,,,,,,,,,,,,,,,,,,,
,,,,,,,,,,,,,,,,,,,,
,,,,,,,,,,,,,,,,,,,,
,,,,,,,,,,,,,,,,,,,,
,,,,,,,,,,,,,,,,,,,,
,,,,,,,,,,,,,,,,,,,,
,,,,,,,,,,,,,,,,,,,,
,,,,,,,,,,,,,,,,,,,,
,,,,,,,,,,,,,,,,,,,,
,,,,,,,,,,,,,,,,,,,,
,,,,,,,,,,,,,,,,,,,,
,,,,,,,,,,,,,,,,,,,,
,,,,,,,,,,,,,,,,,,,,
,,,,,,,,,,,,,,,,,,,,
,,,,,,,,,,,,,,,,,,,,
,,,,,,,,,,,,,,,,,,,,
,,,,,,,,,,,,,,,,,,,,
,,,,,,,,,,,,,,,,,,,,
,,,,,,,,,,,,,,,,,,,,
,,,,,,,,,,,,,,,,,,,,
,,,,,,,,,,,,,,,,,,,,
,,,,,,,,,,,,,,,,,,,,
,,,,,,,,,,,,,,,,,,,,
,,,,,,,,,,,,,,,,,,,,
,,,,,,,,,,,,,,,,,,,,
,,,,,,,,,,,,,,,,,,,,
,,,,,,,,,,,,,,,,,,,,
,,,,,,,,,,,,,,,,,,,,
,,,,,,,,,,,,,,,,,,,,
,,,,,,,,,,,,,,,,,,,,
,,,,,,,,,,,,,,,,,,,,
,,,,,,,,,,,,,,,,,,,,
,,,,,,,,,,,,,,,,,,,,
,,,,,,,,,,,,,,,,,,,,
,,,,,,,,,,,,,,,,,,,,
,,,,,,,,,,,,,,,,,,,,
,,,,,,,,,,,,,,,,,,,,
,,,,,,,,,,,,,,,,,,,,
,,,,,,,,,,,,,,,,,,,,
,,,,,,,,,,,,,,,,,,,,
,,,,,,,,,,,,,,,,,,,,
,,,,,,,,,,,,,,,,,,,,
,,,,,,,,,,,,,,,,,,,,
,,,,,,,,,,,,,,,,,,,,
,,,,,,,,,,,,,,,,,,,,
,,,,,,,,,,,,,,,,,,,,
,,,,,,,,,,,,,,,,,,,,
,,,,,,,,,,,,,,,,,,,,
,,,,,,,,,,,,,,,,,,,,
,,,,,,,,,,,,,,,,,,,,
,,,,,,,,,,,,,,,,,,,,
,,,,,,,,,,,,,,,,,,,,
,,,,,,,,,,,,,,,,,,,,
,,,,,,,,,,,,,,,,,,,,
,,,,,,,,,,,,,,,,,,,,
,,,,,,,,,,,,,,,,,,,,
,,,,,,,,,,,,,,,,,,,,
,,,,,,,,,,,,,,,,,,,,
,,,,,,,,,,,,,,,,,,,,
,,,,,,,,,,,,,,,,,,,,
,,,,,,,,,,,,,,,,,,,,
,,,,,,,,,,,,,,,,,,,,
,,,,,,,,,,,,,,,,,,,,
,,,,,,,,,,,,,,,,,,,,
,,,,,,,,,,,,,,,,,,,,
,,,,,,,,,,,,,,,,,,,,
,,,,,,,,,,,,,,,,,,,,
,,,,,,,,,,,,,,,,,,,,
,,,,,,,,,,,,,,,,,,,,
,,,,,,,,,,,,,,,,,,,,
,,,,,,,,,,,,,,,,,,,,
,,,,,,,,,,,,,,,,,,,,
,,,,,,,,,,,,,,,,,,,,
,,,,,,,,,,,,,,,,,,,,
,,,,,,,,,,,,,,,,,,,,
,,,,,,,,,,,,,,,,,,,,
,,,,,,,,,,,,,,,,,,,,
,,,,,,,,,,,,,,,,,,,,
,,,,,,,,,,,,,,,,,,,,
,,,,,,,,,,,,,,,,,,,,
,,,,,,,,,,,,,,,,,,,,
,,,,,,,,,,,,,,,,,,,,
,,,,,,,,,,,,,,,,,,,,
,,,,,,,,,,,,,,,,,,,,
,,,,,,,,,,,,,,,,,,,,
,,,,,,,,,,,,,,,,,,,,
,,,,,,,,,,,,,,,,,,,,
,,,,,,,,,,,,,,,,,,,,
,,,,,,,,,,,,,,,,,,,,
,,,,,,,,,,,,,,,,,,,,
,,,,,,,,,,,,,,,,,,,,
,,,,,,,,,,,,,,,,,,,,
,,,,,,,,,,,,,,,,,,,,
,,,,,,,,,,,,,,,,,,,,
,,,,,,,,,,,,,,,,,,,,
,,,,,,,,,,,,,,,,,,,,
,,,,,,,,,,,,,,,,,,,,
,,,,,,,,,,,,,,,,,,,,
,,,,,,,,,,,,,,,,,,,,
,,,,,,,,,,,,,,,,,,,,
,,,,,,,,,,,,,,,,,,,,
,,,,,,,,,,,,,,,,,,,,
,,,,,,,,,,,,,,,,,,,,
,,,,,,,,,,,,,,,,,,,,
,,,,,,,,,,,,,,,,,,,,
,,,,,,,,,,,,,,,,,,,,
